mi,mày
tau,tao
choa,chúng tôi
hấn,hắn
mô,đâu
răng,sao
bọ,bố
mắc,bận
trốc,đầu
du,dâu
nhơn,nhân
đợ,đỡ
eng,anh
hạp,hợp
hụ,hũ
iêm,em
iêng,anh
lèng,lành
lổ,trổ
lớ,lá
mạ,mẹ
méc,mách
méng,miếng
mói,muối
mộn,mộng
nấn,nắn
nậy,lớn
ngốt,ngột ngạt
nứu,nếu
quảy,gánh
quơ,vơ
rợng,rạng
rúi,rối
thàm,xàm
sanh,sinh
quén,vén
gứm,gớm
giú,giấu
tuối,tối
giựt,giật
gởi,gửi
huê,hoa
huề,hòa
ngỡi,nghĩa
ngửng,ngẩng
nỏ bằng,không bằng
vo trốc,gội đầu
cá quả,cá tràu
bọn bây,các bạn
trăn triu,so bì
đứt rọt,đứt ruột
biết ri,biết thế này
biết rứa,biết thế
o gái,cô gái
béo má,véo má
bồ côi,mồ côi
bồ hôi,mồ hôi
bôi lọ,bôi nhọ
bơ ngơ,bơ vơ
chánh cung,chính cung
chánh nghĩa,chính nghĩa
chánh quả,chính quả
chánh tả,chính tả
cọng hòa,cộng hòa
cọng hưởng,cộng hưởng
cọng sản,cộng sản
cọng sinh,cộng sinh
dà quê,nhà quê
đóng đải,đóng khố
đái mế,đái dầm
đay nì,đây này
đần bà,đàn bà
đần ông,đàn ông
đập bậy,đánh lộn
đầu gúi,đầu gối
đờn bà,đàn bà
đờn ông,đàn ông
đùi gúi,đầu gối
hẩu lốn,hổ lốn
khi tê,khi trước
lạt lẽo,nhạt nhẽo
lảy lảy,lia lịa
lằm bằm,lầm bầm
lo chi,lo làm gì
lộ tún,lỗ rốn
lợt lạt,nhợt nhạt
mai tê,mai sau
may mô,may làm sao
mắc eo,khó khăn
mắc chi,liên quan gì
mặn chằn,quá mặn
mần răng,làm sao
mần sạch,làm hết
ngày mốt,ngày kia
mụn mằn,vụn vặt
mưa trộ,mưa rào
ngó vọi,nhìn theo
ngỏa nguê,thỏa thuê
nhắm nhía,ngắm nghía
nói dốc,nói dóc
oai vai,oai vệ
thúi òm,thối quá
ỏm óc,điếc tai
quào rách,cào rách
quào quấu,cào cấu
rờ rịt,sờ soạng
rứa hí,thế nhé
sọi đời,sõi đời
ác nhơn,ác nhân
ãnh ương,ễnh ương
bà gia,mẹ vợ
bà thân,mẹ
ông thân,bố
bàn chơn,bàn chân
bàn chưn,bàn chân
bàn độc,bàn thờ
banh bàn,bóng bàn
đá banh,đá bóng
banh lông,banh nỉ
bảo bọc,bao bọc
bảo sanh,hộ sinh
bằng đêm,ban đêm
bằng ngày,ban ngày
bén hí,sắc nhỉ
cặm bông,cắm hoa
chẹn ló,nhánh lúa
đùi cui,dùi cui
gặm cơn,trồng cây
cặm cơn,trồng cây
cong khu,cong mông
ma leng,ma lanh
nần bà,đàn bà
đi nhỡi,đi chơi
ngủ cục,ngủ gục
cái mủng,cái thúng
bù rầy,bọ rầy
bù chét,bọ chét
hột lúa,hạt lúa
chan chản,nhan nhản
dây rún,dây rốn
đảo chánh,đảo chính
đính chánh,đính chính
nhơn đước,nhân đức
giàn chào,dàn chào
nhựt trình,nhật trình
gọ gạy,ngọ ngậy
hất hưởng,vất vưởng
học hiềng,học hành
hoan nghinh,hoan nghênh
hổ qua,khổ qua
hộ sanh,hộ sinh
hồi nẳm,hồi năm ấy
hổm rày,mấy hôm nay
hốp tốp,hấp tấp
hơ hải,hốt hoảng
hớ hinh,hớ hênh
huê hồng,hoa hồng
hực hỡ,rực rỡ
ĩnh ương,ễnh ương
khúc mứt,khúc mắc
làm chãnh,làm chảnh
láng muốt,láng mượt
lấm mem,lấm lem
léc chéc,lanh chanh
lìu khìu,lều khều
lòm thòm,lòng thòng
lờn lợt,nhờn nhợt
mỏng dánh,mỏng dính
ngãi nhơn,nghĩa nhân
ngấm ngáp,thấm tháp
ngập ngạp,ngập ngừng
ngỡi trượng,nghĩa trọng
nhụng nhịu,nũng nịu
nhứt quyết,nhất quyết
nhứt xứ,nhất xứ
sinh nhựt,sinh nhật
mần chi đấy?,làm gì đấy?
cấy chi rứa?,cái gì thế?
biết răng chừ,biết sao giờ
bên tê tề,bên kia kìa
biết mô đó,biết đâu đó
ăn bưa sức,ăn tha hồ
có mô nà,có đâu nào
đẫn cơm thiu,ăn cơm thiu
mần răng chừ,làm sao giờ
mô nỏ thấy,đâu chẳng thấy
mô phải giỡn,đâu phải chuyện đùa
mô vô đấy,đâu ra đấy
nhác như troi,lười như hủi
nói chận họng,nói chặn họng
nói đưa đãi,nói đưa đẩy
lo phay pháy,lo ngay ngáy
răng lạ rứa,sao lạ thế
răng mô mà,không sao mà
rứa cái đã,thế cái đã
sáp chự trâu,bọn chăn trâu
té rứa à?,thế à?
trẽn chưa tề,xấu hổ chưa kìa
đường trơn trợt,đường trơn trượt
ăn huê hồng,ăn hoa hồng
ăn huê lợi,ăn hoa lợi
bất nhân hôn!,bất nhân không!
ở côi tề,ở trên kìa
un luống rau,vun luống rau
con bù hung,con bọ hung
vô doan quá,vô duyên quá
nhọt đầu đanh,nhọt đầu đinh
sở địa chánh,sở địa chính
nó đưởng thèm,nó chẳng thèm
rau giấp cá,rau diếp cá
sống lấp lưởng,sống vấp vưởng
run lẩy đẩy,run lẩy bẩy
lo ngày ngạy,lo ngay ngáy
như vầy nhoài,như vậy mãi
ao ni su ri,ao này sâu thế
đóng ci cựa lại,đóng cái cửa lại
a ri là răng?,như thế là sao?
anh răng em rứa,anh sao em vậy
biết mấy cho bưa,biết mấy cho vừa
chừ em hỏi anh,bây giờ em hỏi anh
ien còn ở dôn,anh ấy còn ở rể
mi quai chướng khôn?,mày coi kỳ không?
có chộ chi mô,có thấy gì đâu
ăn đoại cơm hến,ăn bát cơm hến
ăn thung mặc thướng,ăn sung mặc sướng
mắt bì lời rồi,mắt kèm nhèm rồi
chằm lại cái áo,vá lại cái áo
mần chi chừ hè?,làm gì giờ nhỉ?
đừng có chợn nữa,đừng có đùa nữa
đừng chụi như rứa,đừng dụi như thế
thằng ni cộc lắm,thằng này cục lắm
về dà cho rồi,về nhà cho rồi
tay anh cần đờn,tay anh cầm đàn
e mô rứa đó,có lẽ là như thế
tao làm khỏe ru,tao làm dễ dàng
con khôn chịu đâu,con không chịu đâu
không can chi mô,không sao đâu
tao không lý tới,tao không quan tâm
chổng khu lên trời,chổng mông lên trời
nghe mô bỏ đó,nghe qua rồi bỏ
nói ốt dột nờ,nói không biết xấu hổ này
rứa là oác rồi,thế là hỏng rồi
ông ni bà tê,ông này bà nọ
ốt dột chưa tề,xấu hổ chưa kìa
đêm cày ngày phơi,đêm cày ngày ngủ
ra răng thì ra,ra sao thì ra
rồi đời nghe con,xong đời nghe con
rứa mà không răng,thế mà không sao
răng mi rựt đi,sao mày giật đi
trời sáng trợt rồi,trời sáng bừng rồi
đi sẹ sẹ thôi,đi se sẽ thôi
răng không thỗ em,sao không dỗ em
mời ôn thời cơm,mời ông xơi cơm
eng a vô thự,anh ấy vô sự
bá tánh bình an,bách tính bình an
bạ vai bạ cổ,bá vai bá cổ
ăn nói bảy chảy,ăn nói bóng bẩy
bựa qua nằm chộ,hôm qua nằm mơ
dắn tin cho eng,nhắn tin cho anh
rác đỏ cả đốn,rác đổ cả đống
bồn em trẹo hôn,bế em vẹo hông
răng ngu rứa hèo,sao ngu thế hử
hôm ni kị mệ,hôm nay giỗ mẹ
áo quần lèng lặn,áo quần lành lặn
mói mặn dệ sợ,muối mặn dễ sợ
cột cho thật trặt,cột cho thật chặt
đi xớt vồn khoai,đi vun vồng khoai
con chim chà chiện,con chim chiền chiện
ăn nói chả chớt,ăn nói cợt nhả
trời nắng chang chác,trời nắng gay gắt
danh nhơn nổi tiếng,danh nhân nổi tiếng
đừng có dể duôi,đừng có coi thường
hữu dõng vô mưu,hữu dũng vô mưu
ăn nói đãi buôi,ăn nói đãi bôi
cái giỏ đầy oắp,cái giỏ đầy ắp
trời hầm hì quá,trời nóng nực quá
đi hoài cũng hoải,đi mãi cũng oải
tâm hồn khoảng khoát,tâm hồn khoan khoái
cái thằng khùng khịu,cái thằng ngọng nghịu
làm ăn lao liếng,làm ăn lao lực
mặt mày lện quện,mặt mày lem luốc
vẻ mặt lờ lệt,vẻ mặt ngờ nghệch
em đi mình ên,em đi một mình
chuyên hồi năm nẳm,chuyên hồi năm nảo năm nào
xếp hạng ngay ngớm,xếp hạng ngay ngắn
cái áo trắng nhuốt,cái áo trắng muốt
không có cụng phị kiếm,không có cũng phải tìm
phim ni xem hay đại,phim này xem khá hay
dắc con tru ra đồng,dắt con trâu ra đồng
răng mà buồn cười enh,sao mà buồn cười anh
về đến đầu cựa ngọ,về đến đầu cửa ngõ
mùa nực với mùa gắt,mùa nóng với mùa gặt
kêu chắc đến rồi tề,kêu nhau đến rồi kìa
dừ sốt hơn tự tê,giờ nóng hơn dạo trước
sốt khô mui nẻ họng,nóng khô môi nẻ họng
mụ cào ló trửa cươi,bà cào lúa giữa sân
con chắt ả mô rồi?,con bé chắt của chị đâu rồi?
hắn cợi tru vô rú,hắn cưỡi trâu vào núi
bếp lạnh tanh mun trú,bếp lạnh tanh mun trấu
múc cho tui một đọi,múc cho tôi một bát
ả nớ chộ cũng tài,chị ấy thấy cũng tài
cháu qua sớm dữ hôn?,cháu qua sớm quá không?
chắc sợ cọp dữ lắm,chắc sợ hổ ghê lắm
ông sanh tới bốn con,ông sinh tới bốn con
chuyện nớ mi biết răng,chuyện ấy mày biết gì
bồn con cho con bú,bế con cho con bú
răng đó đành bỏ đây,sao đó đành bỏ đây
tui chộ rứa can ra,tôi thấy thế can ra
tính lọi cẳng eng nờ,suýt gãy chân anh ơi
rứa mà bữa tê tề,thế mà hôm kia kìa
vô rú mà đốn săng,vô rú mà đốn gỗ
chạy về nhà bắt bết,chạy về nhà vội vàng
bấp cục đá đau quá!,vấp cục đá đau quá
béo thù lu thúc lúc,béo trục béo tròn
cái áo bề quá hè,cái áo đẹp quá nhỉ
mấy chị bệt mà ăn,mấy chị quệt mà ăn
chừ người cứ bệt rệt,giờ người chứ yếu ớt
mấy trái ổi bự chác,mấy trái ổi bự chảng
không có can chi mô,không sao đâu
bác cho chi dữ rứa?,bác cho gì nhiều thế?
có răng mì có rứa,có sao thì mới thế
tui có răng nói rứa,tôi có sao nói vậy
trời chiều ni dim hè,trời chiều nay râm nhỉ
tau đã nói rồi đa,tao đã nói rồi dấy
đừng chạy ra ngoài đàng,đừng chạy ra ngoài đường
bác đi chưn quen rồi,bác đi bộ quen rồi
độ rày mi làm chi?,dạo này mày làm gì?
hèn chi không ai ưa,thảo nào không ai ưa
mi tới khi mô rứa?,mày tới khi nào thế?
khi nớ tao run quá,lúc ấy tao run quá
con mi lắc xắc quá,con mày hiếu động quá
nón thì mô nỏ có,nón thì đâu chả có
sáng mơi đi sớm nghe,sáng mai đi sớm nhé
ai mà nói cho ngạ!,ai mà nói cho nổi
đừng có ní nạnh nữa,đừng có đùn đẩy nữa
người chi mà xấu òm,người đâu mà xấu quá
răng eng còn tốt khôn?,răng anh còn tốt không?
con heo ni rở rồi,con heo này động đực rồi
tui làm sật sừ luôn,tôi làm mệt lử luôn
cây mít ni sây thiệt,cây mít này sai quả thật
nồi cơm bị siu rồi,nồi cơm bị thiu rồi
ôn đi cho song suốt,ông đi cho thông suốt
tính tau hay nói thẳng,tính tao hay nói thẳng
nó ở đằng tê tề,nó ở đằng kia kìa
tráo trớt em vừa thôi,nựng nịu em vừa thôi
hắn trìa mui rồi tề,hắn trề môi rồi kìa
thôi đừng có trỡn nữa,thôi đừng có giỡn nữa
mi đừng có trợn trạc,mày đừng có ngổ ngáo
trời bữa ni không trăng,trời hôm nay không trăng
đi vại cho gà ăn,đi vãi cho gà ăn
cho em xin một xí,cho em xin một tí
đừng có xò tay vô,đừng có thò tay vào
ảnh chỉ có nhà không,anh chị ấy có nhà không
bọn trộm vô nhà tôi,bọn trộm vào nhà tôi
toàn những chuyện ba đía,toàn những chuyện nói láo
thằng đó ăn nói bãm,thằng đó ăn nói bặm
cậu ta trông bảnh khảnh,cậu ta trông mảnh khảnh
tay cắt tay bao nỡ,tay cắt tay sao nỡ
tô cơm nguội bạt chạt,tô cơm nguội bạc nhạc
hai đứa bằng chang nhau,hai đứa y trang nhau
cả hai cái bắp cẳng,cả hai cái bắp chân
nó cài mánh anh đó,nó gài mánh anh đó
ngồi chống tay lên càm,ngồi chống tay lên cằm
bả ch nó một cái,vả cho nó một cái
đồ nớ tau cả vạt,đồ nớ tau cả đống
đừng chụi tay vô mắt,đừng dụi tay vào mắt
mua bông chi dữ rứa,mua hoa gì nhiều thế
o nớ chành rành lắm,cô ấy lanh chanh lắm
chợn chó chó lờn mặt,giỡn chó chó lờn mặt
chụp cái thằng nớ lại,bắt cái thằng ấy lại
cái dà đó to thiệt,cái nhà đó to thật
đai dư thịt trâu tra, dai như thịt trâu già
lấy rạ đốn cơn tre,lấy rựa chặt cây tre
giặc dây thì động rừng,giật dây thì động tới rừng
chú không chịu mược cùn,chú không chịu mặc quần
Bựa qua bị mạ tế,hôm qua bị mẹ mắng
mi en chi nhiều rứa,mày ăn gì nhiều thế
chớ chừ ông đi mô,chứ giờ ông đi đâu
chiếc nón này diễn lắm,chiếc nón này đẹp lắm
cái bàn đang hầm hinh,cái bàn đang chông chênh
ở đó mà dằng hắng,ở đó mà đằng hắng
dễ dầu nó đồng ý,dễ gì nó đồng ý
ăn lẹ đi rồi dong,ăn nhanh đi rồi đi nhanh
tay tôi nó dộp hết,tay tôi nó rộp hết
ngó người ta đăm đẳm,nhìn người ta đăm đăm
bất tài mà hảo danh,bất tài mà háo danh
nó hạo hực mấy ngày,nó háo hức mấy ngày
ở đây buồn quá hè,ở đây buồn quá vậy
"hoi, tôi đi một mình","thôi, tôi đi một mình"
hổng thẳng mà giải quyết,thong thả mà giải quyết
chỉ giỏi nói láp giáp,chỉ giỏi nói loanh quanh
bà cứ mược thây nó,bà cứ mặc thây nó
lấy cái sào ngắn xủn,lấy cái sào ngắn ngủn
gặp cái thằng nghỉnh ngảng,gặp cái thằng nghênh ngang
"ai muốn mần du, mần rể","ai muốn làm dâu, làm rể"
xấu đẹp chi cụng phị kiếm,xấu đẹp gì cũng phải tìm
ngái ngô mô mà nỏ chộ,xa xôi đâu mà không thấy
thương anh biết tính mần răng,thương anh biết tính làm sao
"cháu về, anh em dức lác","cháu về, anh em chê trách"
thầy cũng nhủ lấy vợ đi,thầy cũng dặn lấy vợ đi
giừ mi ở chộ mô rứa?,giờ mày ở chỗ nào thế?
mấy ổng úp mặt xuống đất,mấy ông ấy úp mặt xuống đất
thương em nỏ biết mần răng,thương em không biết làm sao
"anh nhớ chuyện nớ, anh hí","anh nhớ chuyện ấy, anh nhé"
ngày mai ai mô về nấy,ngày mai ai đâu về đấy
chú hỏi về loòng tui à?,chú hỏi về làng tôi à?
bựa ni tui mới ra đàng,hôm nay tôi mới ra đường
tau noái với mi ri nì,tau noí với mày thế này
anh a tính tình hiền lành,anh ấy tính tình hiền lành
chị a thì cũng biết điều,chị ấy thì cũng biết điều
ngoài đầm cá tôm bắt loạn,ngoài đầm cá tôm nhiều lắm
móc triêng vô cái bấu nì!,móc gánh vào cái mấu này!
eng ngồi côi bợt eng câu,anh ngồi trên bờ anh câu
bửa cho mạ mấy trái cau,bổ cho mẹ mấy trái cau
phải leo bảy tám bực thềm,phải leo bảy tám bậc thềm
con sông mùa ni cạn xớt,con sông mùa này nông choèn choẹt
đừng có cành nanh với nó,đừng có tị nạnh với nó
kì cho mạnh mới hết cáu,kì cho mạnh mới hết bẩn
cha răng chị lại la tui?,chứ sao chị lại la tôi?
củ sắn này nhiều chang quá,củ sắn này nhiều xơ quá
chi cheng veng chi dữ rứa?,chị sốt ruột gì dữ thế?
"tròi túi quá, nỏ chộ chi","trời tối quá, không thấy gì"
em thì thấy chi chi a,em thì thấy sao sao a
hắn có làm ăn chi mô,hắn có làm ăn gì đâu
con có làm chi mô nờ,con có làm gì đâu nào
xóm nớ ngó bộ hơi chóe,xóm ấy xem chừng hơi vắng vẻ
đòn triêng ni bị chớp rồi,đòn gánh này sắp gãy rồi
ăn mặc chướng chang quá hè,ăn mặc chướng mắt quá vậy
răng mà đi cà nhắc rứa?,sao mà đi cà nhắc thế?
kiếm chỗ dim mát mà ngồi,kiếm chỗ râm mát mà ngồi
dắt em ra ngoài đi dỡi,dắt em ra ngoài đi chơi
mi đi tới tìm đàng tê,mi đi tới tìm đằng kia
cái chủi ở đằng tê tề,cái chổi ở đằng kia kìa
bác đậu xe chỗ gốc cây,bác đỗ xe chỗ gốc cây
mọi người đậu tiền ra đi,mọi người đặt tiền ra đi
hắn đi mần thuê suốt ngày,hắn đi làm thuê suốt ngày
nhớ để đèng cơm cho cụ,nhớ để dành cơm cho cụ
lúc nhỏ hắn học đệt lắm,lúc nhỏ hắn học dốt lắm
răng mà đi lụn về rồi?,sao mà quay về rồi?
ngày mai tao phải đi nôm,ngày mai tao phải đi bừa
con đòi theo muốn đứt hơi,con đuổi theo muốn đứt hơi
mỗi người ăn hai đọi chè,mỗi người ăn hai bát chè lớn
thôi đừng có đúng đớn nữa,thôi đừng có làm nũng nữa
mai qua nhà tao chơi hí,mai qua nhà tao chơi nhé
mấy cái đồ ni còn ỉ,mấy cái đồ này còn ẩm
tui chỉ nói khái khái thôi,tôi chỉ nói đại khái thôi
khi sớm nghe tiếng gà kêu,lúc sáng sớm nghe tiếng gà kêu
con nớ vậy mà khun lắm,con ấy vậy mà khôn lắm
ai lậy đi mô rồi hè?,ai lấy đi đâu rồi nhỉ?
nhà tui nằm bên tay mặt,nhà tôi nằm bên tay phải
thôi cô đừng mần bộ nữa,thôi cô đừng làm bộ nữa
gặp eng đây tui cũng mầng,gặp anh đây tôi cũng mừng
tao đập bể mỏ cho chừ,tao đập nát miệng cho giờ
lôn cơn cà ngá cái cẳng,trồng cây cà ngứa cái chân
người chi mà nhác nhớm ghê,người đâu mà lười biếng ghê
chuyện nớ thì tui nỏ biết,chuyện ấy thì tôi không biết
o noái chi mà lạ rứa?,cô nói gì mà lạ thế?
đừng có hô cho tui nghe,đừng có vu khống cho tôi nhé
ôn mẹ tui tra cả rồi,ông bà tôi già cả rồi
đi ở tớ cho nhà giàu,đi ở đợ cho nhà giàu
ơi mà nói rứa răng chừ,ai mà nói thế bao giờ
"ăn quai nồi, ngồi quai hướng","ăn coi nồi, ngồi coi hướng"
cứ đi queng tìm cả buổi,cứ đi quanh tìm cả buổi
thằng cu học hành ra răng?,thằng cu học hành ra sao?
để rải rải con làm cho,để thong thả con làm cho
hến dạo ni có rạy không?,hến dạo này có nhiều không?
em thấy răng răng anh à,em thấy sao sao anh à
"răng ri, ai đánh con rứa","sao thế này, ai đánh con thế"
tao đang rầu thúi ruột đây,tao đang buồn thối ruột đây
nói rứa mà nghe cho được,nói thế mà nghe cho được
rứa mà tui lại không biết,thế mà tôi lại không biết
làm chi mà dị rứa tề,làm gì mà lạ thế kia
hai đứa cao sàng sàng nhau,hai đứa cao gần bằng nhau
để đó sớm mơi làm tiếp,để đó sáng mai làm tiếp
vợ chồng sớm túi có nhau,vợ chồng sớm tối có nhau
"nói thiệt đi, thầy tha cho","nói thật đi, thầy tha cho"
đừng có trần trựa chi nữa,đừng có chần chừ gì nữa
giá cả cứ trồi trụt hoài,giá cả cứ trồi sụt liên tục
nhà chú nuôi mấy con tru,nhà chú nuôi mấy con trâu
tao thua hết trụi lụi rồi,tao thua hết nhẵn rồi
tui trún cơm cho con đã,tôi mớm cơm cho con cái đã
còn đu đủ thì xắt rối,còn đu đủ thì thái rối
tui ưng cái áo màu xeng,tui ưng cái áo màu xanh
tôi cứ áy áy trong lòng,tôi cứ áy náy trong lòng
người mẹ ầy nhẹ cô con,người mẹ ẩy nhẹ cô con
thầy thuốc bảo nên ăn lạt,thầy thuốc bảo nên ăn nhạt
đường này ăn về ngã ba,đường này hướng về ngã ba
trông nó có vẻ bãm trợn,trông nó có vẻ bặm trợn
ai cũng ăn mặc bảnh tỏn,ai cũng ăn mặc bảnh bao
bánh trớn nó nặng mười tấn,bánh đà nó nặng mười tấn
tôi lấy mắc anh bao đành,tôi lấy đắt anh sao đành
bao sá đường xa cực nhọc,sá gì đường xa cực nhọc
thằng đó nói năng bẳng chẳng,thằng đó nói năng dài dòng
anh phải bắt thền cho em,anh phải bắt đền cho em
trông anh có vẻ bần sần,trông anh có vẻ bần thần
béc mắt là thấy chán rồi,mở mắt là thấy chán rồi
nậy rồi còn rờ bụ mạ,lớn rồi còn sờ vú mẹ
mần chi mà bun dư cơm,làm gì mà vun dư cơm
chú bờm nói dư thiệt nờ,chú bờm nói như thật ấy
sáng ni dịn đói đi học,sáng nay nhịn đói đi học
lấy cái rổ đợng bó rau,lấy cái rổ đựng bó rau
con nớ coi cũng khéo đó,cô ấy nhìn cũng đẹp đó
lộ khu eng toàn là sẹo,lỗ đít anh toàn là thẹo
mỏ con nớ dài hai phân,miệng con nớ dài hai phân
o cầm một nặm không hết,cô cầm một nắm không hết
trấu dâu ni chua dệ sợ,trái dâu này chua kinh khủng
con đợi cha chút xí nghe,con đợi cha chút xíu nhé
cẩu thích gia đình em lắm,cậu ấy thích gia đình em lắm
dang ra chỗ khác cho bác,tránh ra chỗ khác cho bác
bị nó đánh cho dảnh mỏ,bị nó đánh cho sưng mỏ
mày dặm hỏi dùm tao coi,mày dạm hỏi giúp tao xem
dầu cho cha mẹ không thương,dù cho cha mẹ không thương
dỉ đi công chuyện chưa về,dì ấy đi công chuyện chưa về
nó hổng dám làm chi đâu,nó không dám làm gì đâu
mày đánh xộ người ta rồi,mày đánh nhầm người ta rồi
tánh tình nó không đến nỗi,tính tình nó không đến nỗi
không được eo sách như vậy,không được yêu sách như vậy
cái này ảnh làm ên đó,cái này anh ấy làm một mình đó
gắp thăm xem ai hốt hụi,bốc thăm xem ai hốt hụi
thằng cu hào hển chạy vào,thằng cu hổn hển chạy vào
chiếc xe này to thiệt hén,chiếc xe này to thật nhỉ
con để cái đó hêu quá,con để cái đó lêu nghêu quá
ảnh có cái tánh hểu hảo,anh ấy có cái tính hời hợt
mặt nó hinh hỉnh phát ghét,mặt nó khinh khỉnh phát ghét
nó hoi hóp sắp chết rồi,nó thoi thóp sắp chết rồi
hồi rày ảnh đi làm ăn,dạo này anh ấy đi làm ăn
riết rồi tụi nó sinh hỗng,quen rồi tụi nó sinh hỗn
có gì đâu mà hờn dũi,có gì đâu mà hờn dỗi
anh đừng có khinh dể nó,anh đừng có khinh rẻ nó
tôi đứng ngoài nghe lá chá,tôi đứng ngoài nghe loáng thoáng
nhỏ mà đã lung lăng rồi,nhỏ mà đã hung hăng rồi
trái xoài lủng lỉu trên cây,trái xoài lủng lẳng trên cây
tới giờ tui vẫn lưỡng ước,tới giờ tui vẫn lưỡng lự
nó mần mò làm được đó,nó mày mò làm được đó
bữa nay tao mậu tại rồi,hôm nay tao hết tiền rồi
mơi mốt tui ra làm nữa,mai mốt tôi ra làm nữa
sao cứ nấn nứa mãi thế,sao cứ nấn ná mãi thế
tụi bây chơi ngỏa nguê đi,bọn mày chơi thỏa thuê đi
thằng này ngờ ngạc quá đi,thằng này ngờ nghệch quá đi
mi đừng bồng em ra ngoài gió,mày đừng bế em ra ngoài gió
ông biểu lượm miếng giấy cho ông,ông bảo nhặt mảnh giấy cho ông
cha mẹ còn mạnh giỏi hay không?,cha mẹ còn mạnh khỏe hay không?
dầu muôn đời cháu không quên được,dù muôn đời cháu không quên được
ở nhà sao không rầy sắp nhỏ,ở nhà sao không mắng bọn trẻ
không biết công lao đặng mấy năm,không biết công lao được mấy năm
em kho cá quên bỏ đồ màu,em kho cá quên nêm gia vị
đường trơn trợt bị bổ cái oạch,đường trơn trợt bị ngã cái oạch
bộ rứa tui nói láo hay răng,thế thì tôi nói láo hay sao
ien chộ tau phơi ló ngoài cươi,anh ấy thấy tao phơi lúa ngoài sân
đi xe hay đi chưn xuống rứa?,đi xe hay đi bộ xuống thể?
nậy rồi mà mũi rãi thò lò!,lớn rồi mà mũi rãi thò lò!
con thằng lằng chép miệng thở thang,con thằn lằn chép miệng thở than
"túi thùi thui, có chộ chi mô","tối quá, có thấy gì đâu"
dì a khi mô cũng ân cần,dì ấy lúc nào cũng ân cần
con thích cái màu đỏ a tề!,con thích cái màu đỏ kia!
hắn làm răng mà ạch đụi quá,hắn làm sao mà vất vả quá
ai hay mô hắn bỏ đi chơi,ai dè hắn bỏ đi chơi
ai hối mi nấu bốn lon rứa?,ai bảo mày nấu bốn lon thế?
toàn ăn nể cá thệ a tề!,toàn ăn vã cá thịt kìa!
eng nớ ăn nói trộ tràng lắm,anh ấy ăn nói sỗ sàng lắm
nhớ đem theo cái bàn bóng nghe,nhớ đem theo cái máy ảnh nhé
đồ nớ thì báu chi mà khoe,đồ này thì báu gì mà khoe
mời eng bẳm điếu thuốc cho ấm,mời anh hút điếu thuốc cho ấm
con thích mạ bối tóc cho con,con thích mẹ búi tóc cho con
bởi rứa hắn thi rớt là phải,bởi thế hắn thi rớt là phải
tao búi ruột búi gan rồi đây,tao rối ruột rối gan rồi đây
mi nói cái chi chi mô rứa?,mày nói cái chuyện vớ vẩn gì thế?
eng cáp con heo nớ bao nhiêu?,anh trả giá con heo ấy bao nhiêu?
"làm rứa là quá chạ, không được","làm thế là quá bậy, không được"
mạ mi cứ chay vay suốt ngày,mẹ mày chứ lo lắng suốt ngày
đi mô mà đi một chắc rứa?,đi mô mà đi một mình thế?
tui còn chẵn chòi ba mươi đồng,tôi còn vỏn vẹn ba mươi đồng
chi chơ chuyện nớ thì dễ ẹc,tưởng gì chuyện ấy thì dễ ẹc
ai bước ra khỏi hàng mất chộ,ai bước ra khỏi hàng mất chỗ
các anh đừng hòng mà chộ tui,các anh đừng hòng mà dọa tôi
răng mi cứ làm cố mạng rứa?,sao mày cứ khăng khăng làm thế?
mi nói rứa là đã nư chưa?,mày nói thế là hả giận chưa?
chén cơm hắn đã đầy vun rồi,bát cơm hắn đã đầy ắp rồi
hôm qua đem dè tao gặp nó,hôm qua không ngờ tao gặp nó
cấy ni em em cấy của tui,cái này gần bằng cái của tôi
để tui hồi lại việc đó nghe,để tôi từ chối việc đó nhé
mi dám hừng hậy với tao à?,mày dám sừng sộ với tao à?
cứ tới kè thằng cu nhà mình,cứ tới rủ rê thằng cu nhà mình
đồ ăn độ rày mắc mỏ quá,đồ ăn độ này đắt đỏ quá
mời bác vô nhà uống nác đã,mời bác vào nhà uống nước đã
năm thơ đi ăn cỗ nhà cụ,năm kia đi ăn cỗ nhà cụ
trời ni ai cũng ưa ở nhà,trời này ai cũng thích ở nhà
chiều ni qua bên nớ chơi đi,chiều nay qua bên ấy chơi đi
núm áo mạ cho chặt kẻo lạc,nắm áo mẹ cho chặt kẻo lạc
kiếm cho ba cái ơ sắc thuốc,kiếm cho ba cái ấm sắc thuốc
chừ ông ở một chắc thiệt tội,giờ ông ở một mình thật tội
cứ ở nể hoài thiệt là chán,cứ ngồi không mãi thật là chán
cho con ở nể ăn hay răng,cho con chó ăn hay sao
tuần tới là phải lo phớ đất,tuần tới là phải lo vỡ đất
có chuyện chi mà mi quớ rứa?,có chuyện gì mà mày hốt hoảng thế?
làm chuyện chi cũng ráng đốc phách,làm chuyện gì cũng cố hết sức
tao đoán răng hắn cũng về thôi,tao đoán thế nào hắn cũng về thôi
cấy dôn bây cãi nhau răng hả,vợ chồng bọn mày cãi nhau sao hả
chỉ tiếc một điều là răng hô,chỉ tiếc một điều là răng vẩu
đứa mô rấm to dữ rứa bây?,đứa nào đánh rắm to dữ thế bọn mày?
không được rị mọ vô nghe chưa,không được sờ mó vào nghe chưa
làm anh làm ả phải rứa chớ,làm anh làm chị phải thế chứ
tụi thợ nề làm ăn rứa đó,bọn thợ nề làm ăn thế đó
rứa răng anh binh con hoài rứa?,thế sao anh bênh con nhiều thế?
rứa rồi ông đi ra ngoài quán,thế rồi ông đi ra ngoài quán
con bị sình bụng cả ngày ni,con bị trương bụng cả ngày nay
sớm mốt tui phải lên thành phố,sáng ngày kia tôi phải lên thành phố
lấy cho chị mấy sượi cao su,lấy cho chị mấy sợi cao su
cho chi mà có chút thẻo rứa?,cho gì mà có chút tí thế?
lấy cái dao trành ra cho ba,lấy cái dao cùn ra cho ba
răng con ngủ mà nằm trấp rứa,sao con ngủ mà nằm sấp thế
trơ cái trán coi có nóng không,sờ cái trán xem có nóng không
truống nôi canh cho mạ một chút,nhấc xuống nồi canh cho mẹ một chút
o cứ tươi mươi như thường rứa,cô cứ tươi tắn như thường thế
làm nhiều nhưng nỏ vô mô cả,làm nhiều nhưng không đâu vào đâu cả
ai mô mà xa ngái lạ lùng,người đâu mà xa cách lạ lùng
đừng xăm lo chuyện của người khác,đừng xen vào chuyện của người khác
thầy trò đều tức mình ách cách,thầy trò đều tức mình anh ách
rau áy vầy còn ăn gì được,rau úa vậy còn ăn gì được
tôi cảm thấy áy o trong lòng,tôi cảm thấy không yên trong lòng
xe cộ ầm ồ suốt cả ngày,xe cộ ồn ào suốt cả ngày
"ậy, cứ để nó làm coi đã","ấy, cứ để nó làm xem đã"
nó ăn rốc không chừa một ai,nó ăn sạch không chừa một ai
anh qua hỏi thăm cho ắt chất,anh qua hỏi thăm cho chắc chắn
vườn nhãn nhà tôi bạp hẳn lên,vườn nhãn nhà tôi tươi tốt hẳn lên
mặt mày bàu xạu trông khó coi,mặt mày bực bội trông khó nhìn
nói bâm biếm làm gì cho hèn,nói châm biếm làm gì cho hèn
mày cứ bẩu nhẩu mãi không hay,mày cứ làu bàu mãi không hay
má bầy trẻ có ở nhà hông,mẹ bọn trẻ có ở nhà không
hắn đập em bơ em đập lại,hắn đánh em rồi em đánh lại
con gà bươi quào đất tìm ló,con gà bới cào đất tìm lúa
chú cổi cùn dảy xuống rào tắm,chú cởi quần nhảy xuống sông tắm
táng một bớp tai cho đạ chận,táng một bạt tai cho hả giận
thằng nớ nậy rồi còn đấy trấm,thằng ấy lớn rồi còn đái dầm
chìu chú quái nên chú được nời,chiều chú quá nên chú làm tới
đổ ba trợn con không ai đáy,đồ bặm trợn con không ai dạy
chừng đó là ăn không ngạ rồi,chừng đó là ăn không hết rồi
Không có một trự mà ăn trầu,Không có một đồng mà ăn trầu
trốc cúi o bị sưng một cục,đầu gối cô bị sưng một cục
truống nồi cơm xuống cho mạ cái,nhấc xuống nồi cơm xuống cho mẹ cái
mi đưa tay mượn cái thay cái,mày đưa tao mượn cái thau cái
hai đứa hắn ơm nhau cứng ngéc,hai đứa hắn ôm nhau rất chặt
"mi coi, hắn làm rứa đó nạy","mày xem, hắn làm thế vậy đó"
"thôi rứa hỉ, rứa tau zề nghe","thôi vậy ha, thế tao về nhé"
thằng nớ là thằng ba xăng khao,thằng ấy là thằng tào lao
đứa mô giú quyển sách của em,đứa nào giấu quyển sách của em
con đứng chỗ nớ đợi cha nghe,con đứng chỗ ấy đợi cha nhé
bo gạo nấu cơm cho rồi con,vo gạo nấu cơm cho rồi con
cấp này anh làm ăn thế nào,dạo này anh làm ăn thế nào
tôi ra chợ lựa một cấp hàng,tôi ra chợ lựa một xấp hàng
hàng hóa cấp nấp đưa về chợ,hàng hóa tấp nập đưa về chợ
ảnh làm ăn chài chãi như vậy,anh ấy làm ăn suốt như vậy
cô ta có nước da bánh ít,cô ta có nước da bánh mật
coi chừng nắng chiều dại bịnh đó,coi chừng nắng chiều rọi bệnh đó
mai mốt nó dể ngươi đó nghen,mai mốt nó xem thường đó nhé
tao lên xin ổng dễ dằn lắm,tao lên xin ông ấy dễ dàng lắm
cái này nó bị dò dưới đáy,cái này nó bị rò dưới đáy
trời không dong đất không tha đâu,trời không dung đất không tha đâu
cứ dông dẫn chả đến được đâu,cứ dông dài chả đến được đâu
không có gì đâu mà giận dũi,không có gì đâu mà giận dỗi
mày cứ dức lác nó hoài vậy,mày cứ cằn nhằn nó mãi vậy
dưởng đối xử với em tốt lắm,dượng ấy đối xử với em tốt lắm
chưa gì đã chối đay đảy rồi,chưa gì đã chối đây đẩy rồi
đày xắt con người ta vừa thôi,đày ải con người ta vừa thôi
mới dời nhà đồ đạc đăng đăng,mới dời nhà đồ đạc bề bộn
tía tôi có đặng năm anh em,cha tôi có được năm anh em
coi chừng có đẻn cắn đó nghen,coi chừng có rắn cắn đó nghen
mua cho ngoại một đệp trầu nghen,mua cho ngoại một tệp trầu nhé
làm gì mà ễn ngực như vậy,làm gì mà ưỡn ngực như vậy
cái thằng ến này coi chừng tao,cái thằng quỷ này coi chừng tao
thế giái bây giờ năm bảy phe,thế giới bây giờ năm bảy phe
chớ ngại gì mà phải nói giàm,không ngại gì mà phải nói bóng gió
ngồi giảnh tai mà nghe cho rõ,ngồi vểnh tai mà nghe cho rõ
cái miệng con mẻ gio giảnh lắm,cái miệng con mẹ ấy bẻm mép lắm
tính ổng cứ giục giặc như thế,tính ông ấy cứ dục dặc như thế
con guộn giùm mẹ mấy xấp giấy,con cuộn hộ mẹ mấy xấp giấy
anh nói với má giùm em hen,anh nói với mẹ hộ em nhé
hèn chi hổng thấy ổng đến chơi,thảo nào không thấy ông ấy đến chơi
hèn hỏi gì mà nó chê ít,đâu đến nỗi gì mà nó chê ít
con bé dễ thương quá hén anh,con bé dễ thương quá nhỉ anh
thằng này nó hểnh hảng sao ấy,thằng này nó ngơ ngác sao ấy
chưa chi mà đã vội hí hởn,chưa gì mà đã vội hí hửng
"hoi, anh đừng cho tôi nhiều quá","thôi, anh đừng cho tôi nhiều quá"
"đồ của nó, nó hom kĩ lắm","đồ của nó, nó giữ kĩ lắm"
vợ chồng nó hủn hởn ra mặt,vợ chồng nó hí hửng ra mặt
dạo này tiền bạc cũng khá khủm,dạo này tiền bạc cũng khá khẩm
đàn gái đã khứng tiếng gả con,đằng gái đã đánh tiếng gả con
nó lày quày từ sáng tới giờ,nó lay hoay từ sáng tới giờ
ổng chỉ đi lần quần trong xóm,ông ấy chỉ đi lẩn quẩn trong xóm
chớ lốp hốp coi chừng hư việc,chớ hấp tấp coi chừng hỏng việc
tối ngày lụi đụi lo cơm nước,tối ngày bận rộn lo cơm nước
ở đó mà nạnh hẹ với em,ở đó mà tị nạnh với em
nó đã bỏ đi ngoăn ngoắt rồi,nó đã bỏ đi thoăn thoắt rồi
ăn mặc kiểu gì ngắn ngủn ngởn,ăn mặc kiểu gì ngắn cũn cỡn
nó làm ngứa ngắm khó chịu lắm,nó làm ngứa ngáy khó chịu lắm
cái niền này nó bị vênh rồi,cái vành này nó bị vênh rồi
em có chồng rồi nỏ lấy anh mô,em có chồng rồi không lấy anh đâu
"bây đi mô đó, cho choa đi với","bạn đi đâu đấy, cho chúng tôi đi với"
rứa là mất một cái bát rồi nà,thế là mất một cái bát rồi nè
ngó quanh quất không thấy khách ăn uống,nhìn xung quanh không thấy khách ăn uống
đương ngồi tại bàn gần cửa mà viết,đang ngồi tại bàn gần cửa mà viết
không biết mấy lần mà kể cho xiết,không biết bao nhiêu lần mà kể cho xiết
đường đời thiệt là nhiều chỗ gay go,đường đời thật là nhiều chỗ gay go
nào dè cháu xuống đây đã năm ngày,nào ngờ cháu xuống đây đã năm ngày
"sao con lặng thinh, không nói chi hết?","sao con lặng thinh, không nói gì hết?"
mi hỗn hào coi chừng biết mặt tau,mày hỗn hào coi chừng biết mặt tao
biết mô hắn đứng về phe bên kia,biết đâu hắn đứng về phe bên kia
eng hỏi tui mần răng mà như rứa,anh hỏi tôi làm sao mà như thế
bậu về quê bậu biết mô mà tìm,bạn về quê bạn biết đâu mà tìm
người làng tuồn nói lai lai tiếng quảng,người làng toàn nói lai lai tiếng quảng
còn giọng huế thì ra răng anh hè,còn giọng huế thì ra sao anh nhỉ
"ien kiêu tau vô, bồn tau lên chờn","anh ấy bảo tao vào, bồng tau lên giường"
áo dầu con rách nát rồi mạ ơi,áo mưa con rách nát rồi mẹ ơi
bây chừ anh em mình phải hiệp sức,bây giờ anh em mình phải hiệp sức
đi đàng nhớ đi bên mặt nghe con,đi đường nhớ đi bên phải nhé con
biết ri thì trước tê đừng lấy chồng,biết thế này thì trước kia đừng lấy chồng
mua chon con cái bót đánh răng mới,mua cho con bàn chải đánh răng mới
ông bô bà bô mi có dữ không?,bố mẹ mày có dữ không?
bơn cái nong ra ngoài cươi phơi đi,bưng cái nong ra ngoài sân phơi đi
răng mà mặt mày mi bợt bạt rứa,sao mà mặt mày mày nhợt nhạt thế
thằng ni lớn rồi còn rờ bụ mạ,thằng này lớn rồi còn sờ vú mẹ
tốn có ba xu tiền đò cha mấy,tốn có ba xu tiền đò chứ mấy
chặp đó hồi tao rảnh tao làm cho,chừng nào tao rảnh tao làm cho
anh về em ở cheo veo một mình,anh về em ở chơi vơi một mình
viên bi lăn vô trong chẹt nớ rồi,viên bi lăn vào trong góc ấy rồi
tụi bây làm ăn kiểu chi chi a,bọn mày làm ăn kiểu sao sao a
răng mà lui cui trong bếp hoài rứa?,sao mà lúi húi trong bếp mãi thế?
lấy cái lược dày mạ chải chí cho,lấy cái lược dày mẹ chải chấy cho
máy chi mà nổ choác tai rứa hè?,máy gì mà nổ điếc tai thế vậy?
lấy cái chủi mà quét cươi đi con,lấy cái chổi mà quét sân đi con
lên giường mà răng không rửa chưn rứa?,lên giường mà sao không rửa chân thế?
thằng bạn mi coi bộ thiệt thà hè,thằng bạn mày có vẻ thật thà nhỉ
chừ hắn dờm không dám tắm sông nữa,giờ hắn gờm không dám tắm sông nữa
mi biết cái đách chi mà xía vô,mày biết cái đếch chi mà xía vô
đem cái cuốc đằng nớ lại cho chú,đem cái cuốc đằng ấy lại cho chú
hắn đang bơi ở đằng tịt tê tề,hắn đang bơi ở đằng tít kia kìa
răng mà cứ đè trữa đàng mà đấng,sao mà cứ dè giữa đường mà đứng
bữa ni ông chứ đè tui ông chưởi,hôm nay ông cứ nhằm tôi ông chửi
thằng nớ không biết răng mà đọn rứa,thằng ấy không biết sao mà còi thế
"đồ ẻ nớ, cho cũng không ai lấy","đồ bỏ ấy, cho cũng không ai lấy"
"he vàng thì gió, he đỏ thì mưa","ráng vàng thì gió, ráng đỏ thì mưa"
tìm chỗ im mà ngồi nghỉ chút hè!,tìm chỗ râm mà ngồi nghỉ chút đi!
mi làm chuyện chi cũng làm chợt chợt,mày làm chuyện gì cũng làm qua loa
ai cũng làm chợt ruột mới có ăn,ai cũng làm vất vả mới có ăn
mạ ốm chỉ vì hay lao lự đó,mẹ ốm chỉ vì hay lo lắng đó
đừng có lần đân tao nện cho chừ,đừng có lì lợm tao nện cho giờ
con nấu cháo cho lền cho em ăn,con nấu cháo cho sệt cho em ăn
bữa ni bắt được mấy con chí mén,hôm nay bắt được mấy con chấy nhỏ
anh nớ ngó bộ con nhà gia giáo,anh ấy xem chừng con nhà gia giáo
ni mai phải lo sửa cái mái nhà,nay mai phải lo sửa cái mái nhà
chuyện của hắn thì nói chi cho ngạ,chuyện của hắn thì nói bao nhiêu cho hết
thằng nhỏ ni răng mà ốm rứa hè,thằng nhỏ này sau mà gầy quá nhỉ
túi qua tui tức ông dôn quá sá,tối qua tôi tức ông chồng hết sức
thôi để ra năm ngày rộng tháng dài,thôi để ra giêng ngày rộng tháng dài
chuyện buôn bán thì mợ rành rõi lắm,chuyện buôn bán thì mợ sành sỏi lắm
ôn nớ bà con với mình răng hè?,ông ấy bà con với mình sao nhỉ?
con bị bỏ đói hay răng ra rứa,con bị bỏ đói hay sao mà thế
chiều ni anh có rẻng qua nhà tui,chiều nay anh có rảnh qua nhà tôi
mần răng mà độ rày mi ròm rứa?,làm sao mà độ này mày gầy còm thế?
rợt bớt cho em hai con tôm đi,gạt bớt cho em hai con tôm đi
để rủng rải tui kể cho mà nghe,để thủng thẳng tôi kể cho mà nghe
ai mà làm chuyện ốt dột rứa nà,ai mà làm chuyện xấu hổ thế này
nấu cho tới khi sết sết là được,nấu cho tới khi sền sệt là được
tui mua tại cội đã mười đồng rồi,tôi mua tại gốc đã mười đồng rồi
con thàng thảy chỗ gạo ni cho kỹ,con sàng sảy chỗ gạo này cho kỹ
tui phải thăn thỉ với dì cả buổi,tôi phải năn nỉ với dì cả buổi
con người ngó rứa mà tỉn quá hí,con người trông thế mà keo kiệt quá nhỉ
hắn đánh vô mặt nhưng tao trác được,hắn đánh vào mặt nhưng tao tránh được
"năm ni hạn, tui sợ ló trớp hết","năm nay hạn, tôi sợ lúa lép hết"
việc chi tới anh mà lăng xăng rứa,việc gì tới anh mà lăng xăng thế
eng nớ là người vô thự vô lự,anh ấy là người vô tư lự
tui muốn xáng ông một bạt tai quá,tôi muốn đánh ông một bạt tai quá
ngột ngạt quá tui bị xâm xoàng luôn,ngột ngạt quá tôi bị xây xẩm luôn
người thì xấu đui mà làm ra vẻ,người thì xấu mù mà làm ra vẻ
xéc ba cái đồ nớ chi cho nặng,xách ba cái đồ ấy làm gì cho nặng
bậc thềm trơn làm nó té cái ạch,bậc thềm trơn làm nó ngã cái uỵch
người người cảm thấy ạo ực trong lòng,người người cảm thấy rạo rực trong lòng
ai có nói gì đâu mà áp khóc,ai có nói gì đâu mà bỗng dưng khóc
tiếng kèn trống ầm ạc suốt cả ngày,tiếng kèn trống ầm ĩ suốt cả ngày
nó ẵm của tôi hết sợi dây chuyền,nó lấy của tôi hết sợi dây chuyền
công thợ ở đây ăn đầu bao nhiêu,công thợ ở đây ăn tiền công bao nhiêu
nó chỉ biết ăn gởi nhà bên vợ,nó chỉ biết ăn gửi nhà bên vợ
ổng đi ăn tôi tôi ở ngoài rồi,ông ấy đi ăn thôi nôi ở ngoài rồi
sức mầy bao lăm mà cũng bày đặt,sức mày bao nhiêu mà cũng bày đặt
tôi với nó bất cộng mấy tháng rồi,tôi với nó không quan hệ mấy tháng rồi
nó sống bật bưởng đầu đường xó chợ,nó sống vất vưởng đầu đường xó chợ
mày riết rồi cũng thành dân cái ban,mày riết rồi cũng thành dân cái bang
bọp cái bánh xe coi còn hơi không,bóp cái bánh xe xem còn hơi không
eng có cấy lưng cáy không là cáy,anh có cái lưng cáu không là cáu
"tau mắc đi làm, đừng có chạy dọi","tao bận đi làm, đừng có chạy theo"
mấy chạc địu mắc chắc khở không ra,mấy sợi chun mắc chắc gỡ không ra
o nói diều mà chưa bị lọi lại,cô nói nhiều mà chưa bị gãy lưỡi
con không ăn cơm đi cả lắng mất,con không ăn cơm đi kẻo nguội mất
hén núa với mi mười giờ hén qua,hắn nói với mày mười giờ hắn qua
khi mô mỏi bụng vô làm một tô,khi nào đói bụng vào làm một tô
suốt nhà như rứa như chưa suốt nhà,quét nhà như thế như chưa quét nhà
thằng đó nó tính hay câu mâu lắm,thằng đó nó tính hay xét nét lắm
xin cho biết danh tánh để tiện gọi,xin cho biết danh tính để tiện gọi
làm gì mà nổi dóa lên vậy chớ,làm gì mà nổi đóa lên vậy chứ
chiếc ghe này chở đạc chừng năm tấn,chiếc ghe này chở độ chừng năm tấn
hai bên đối mặt đành rành ra đó,hai bên đối mặt rành rành ra đó
tưởng gì chớ cái đó tôi đấm thèm,tưởng gì chứ cái đó tôi không thèm
tôi đậu bạc nhà thằng bạn ít hôm,tôi ở tạm nhà thằng bạn ít hôm
đôn rày tụi em buôn bán khá hôn,dạo này tụi em buôn bán khá không
ngày nhỏ tôi nói đớt rất khó nghe,ngày nhỏ tôi nói ngọng rất khó nghe
ăn mặc cái kiểu đũn đỡn như vậy,ăn mặc cái kiểu cũn cỡn như vậy
nó đậu gấp ghé loại giỏi chớ bộ,nó đậu ngấp nghé giỏi chứ bộ
con nhỏ này hay làm giảnh thấy ghét,con nhỏ này hay làm chảnh thấy ghét
"nó nói giằng quay, không ai hiểu được","nó nói loanh quanh, không ai hiểu được"
trời hẩng sáng mà đi đâu sớm vậy,trời hửng sáng mà đi đâu sớm vậy
tạm thời thống nhứt với nhau vậy hen,tạm thời thống nhất với nhau vậy nhé
"hồi hổm, nó cũng trộm của nhà tui","hồi hôm kia, nó cũng trộm của nhà tôi"
hổng thẳng đi. việc chi phải chen lấn,thong thả đi. việc chi phải chen lấn
hờ cơ chúng nó nhảy vào đánh con,bất chợt chúng nó nhảy vào đánh con
có một tai nạn giao thông khiếp đởm,có một tai nạn giao thông khiếp đảm
khứa tửng đó mặt còn búng ra sữa,thằng cha đó mặt còn búng ra sữa
ai khươi ra cái chuyện nhậu này đây,ai khơi ra cái chuyện nhậu này đây
ăn nói lang quàng không có được đâu,ăn nói bậy bạ không có được đâu
đường này nó lày nhày thấy mà ghê,đường này nó bầy nhầy thấy mà ghê
dạo này trông ổng lem hem hơn nhiều,dạo này trông ổng hom hem hơn nhiều
sân để đất đá lỏn nhỏn thế kia,sân để đất đá lổn nhổn thế kia
nhà nào nhà nấy con cái lũ khũ,nhà nào nhà nấy con cái đông đúc
thằng nhỏ đi lững đững như ông già,thằng nhỏ đi lững thững như ông già
anh làm hư anh mắc thềm em đi,anh làm hỏng anh mắc đền em đi
cả nhà ai cũng mừng nhảy cững lên,cả nhà ai cũng mừng nhảy cẫng lên
thằng nhỏ coi vậy chứ nhặm nhạy lắm,thằng nhỏ nhìn vậy chứ nhanh nhẹn lắm
mua bán trầu cau đặng kiếm lời độ nhựt,mua bán trầu cau để kiếm lời độ nhật
ơn ấy cháu lấy chi đền đáp cho vừa,ơn ấy cháu lấy gì đền đáp cho đủ
rạt gáo rồi mà còn làm le làm gió,cạn túi rồi mà còn làm sang chảnh
răng mà hắn vô phép vô tắc rứa hè,sao mà hắn vô phép tắc thế vậy
mạ đi chợ mua nhiều kẹo cau a rứa,mẹ đi chợ mua nhiều kẹo cau lắm
bữa ni rằm ra chợ ăn củ lợt hè,hôm nay rằm ra chợ ăn chay nha
đừng có học đòi thói ăn no bò cợi,đừng có học đòi thói ăn no rửng mỡ
trời bựa ni âm ui e độn ha nê!,trời hôm nay âm u e rằng biển động
mạ ơi bá cái áo ni cho con với,mẹ ơi vá cái áo này cho con với
ông hối quá làm tụi tui mần bắt bết,ông giục quá làm bọn tôi làm vội vàng
con em cứ bắt búi đòi chở đi chơi,con em cứ bám theo đòi chở đi chơi
thấy ôn nớ là tụi em sợ bắt kinh,thấy ông ấy là bọn em sợ lắm
dân miền biển ni nhiều người bị mắt bét,dân miền biển này nhiều người bị mắt toét
cá ni phải lóc bi lóc bảy thiệt kỹ,cá này phải lóc vi lóc vảy thật kỹ
rứa là bổ sấp gãy mất cái răng cửa,thể là ngã sấp mặt gãy mất cái răng cửa
trời chưa sáng mà anh bôn chôn dữ rứa,trời chưa sáng mà anh bồn chồn dữ thế
làm trái ý ông là ông bớp tai đó,làm trái ý ông là ông tát tai đó
ba anh em tụi tui bường tuổi nhau hết,ba anh em bọn tôi bằng tuổi nhau hết
"con thi đậu, cả và nhà ai cũng mừng","con thi đậu, tất cả nhà ai cũng mừng"
tui đánh con tui can chi mà anh nói?,tôi đánh con tôi cớ gì mà anh nói?
con ăn trúng miếng ớt cay điếc mũi luôn,con ăn trúng miếng ớt cay quá luôn
cặm sào đây để tao lên bợt một chút,cắm sào đây để tao lên bờ một chút
cháu cẩn ôn mấy trự cháu mượn hôm trước,cháu gửi trả ông mấy triệu cháu mượn hôm trước
con ni bữa ni coi bộ chảu lảy hè,con này hôm nay xem chừng kháu khỉnh nhỉ
ngày mơi mạ con mình đi chiết mạ hè,ngày mai mẹ con mình đi nhổ mạ nhé
để tao cột con tru ni vô cọc đã,để tao buộc con trâu này vào cọc đã
cợ ni chắc hắn đã về tới nhà rồi,cỡ này chắc hắn đã về tới nhà rồi
sức hắn thì mần cợ ba sào cha mấy,sức hắn thì làm cỡ ba sào chứ mấy
tui sống nhờ mấy cơn thanh trà nớ đó,tôi sống nhờ mấy cây thanh trà ấy đó
dọn dẹp dà cựa cho thạch thẹ đi con,dọn dẹp nhà cửa cho sạch sẽ đi con
vì răng mấy thầy trên chùa mặc áo đà,vì sao mấy thầy trên chùa mặc áo nâu
đạ đến đây thì cứ ăn uống cho đạ,đã đến đây thì cứ ăn uống cho thỏa thích
chị đừng có đặt đều nói xấu người ta,chị đừng có đặt điều nói xấu người ta
con vô đâu nằm của mạ lấy chai dầu,con vào đầu giường của mẹ lấy chai dầu
kiếm được cái chi cũng đeo về cho nhà,kiếm được cái gì cũng đem về cho nhà
ôn quên cái chi mà đi lộn lại rứa?,ông quên cái gì mà quay lại thế?
túi mô cũng có người đi rỏn quanh làng,tối nào cũng có người đi tuần quanh làng
hắn đời mô mà làm cái chuyện như rứa,hắn đời nào mà làm cái chuyện như thế
cái đồ nớ cho tao thì tao cũng ẻ,cái đồ ấy mà cho tao thì tao cũng không lấy
phía tây có ráng đỏ e bão ha nê?,phía tây có ráng đỏ e bão phải không?
hay mô khi gặp con nớ anh mê mệt,không ngờ khi gặp con ấy anh mê mệt
tui thích uống nước hẩm hẩm cho dễ tiêu,toi thích uống nước âm ấm cho dễ tiêu
răng mà cửa nẻo để hỡi hờ rứa con?,sao mà cửa nẻo để hớ hênh thế con?
chỉ một phút lạc lòng là phiền lắm đó,chỉ một phút xiêu lòng là phiền lắm đó
cái quần ni phải lên lai mới vừa được,cái quần này phải lên gấu mới vừa được
mi muốn đánh nó mi mới lại gan hả,mày muốn đánh nó mày mới hả giận hả
lằm lắt cho xong việc rồi chơi con nờ,làm quách cho xong việc rồi chơi con ơi
"năm ni mất mùa, ló má chẳng ra chi","năm nay mất mùa, lúa má chẳng ra gì"
eng có chộ cơn đao ở lộ mô khôn?,anh có thấy con dao ở chỗ nào không?
anh coi hắn mần rứa thì coi răng được,anh xem hắn làm thế thì xem sao được
túi hôm qua tui nằm chộ thấy mạ tui,tối hôm qua tôi nằm mơ thấy mẹ tôi
thằng nớ ngày bữa chi mà tui không biết,thằng này lạ gì mà tôi không biết
anh cứ để chị nói cho đã nư đi,anh cứ để chị nói cho hả giận đi
nhà ôn tui nghèo lắm chỉ làm bằng tre,nhà ông tôi nghèo lắm chỉ làm bằng tre
con quai nhà để mạ đi đây một lát,con coi nhà để mẹ đi đây một lát
sáng ni tao nhổ cái răng cấm đau quá,sáng nay tao nhổ cái răng khôn đau quá
o nớ có cái răng cởi có duyên hí,cô ấy có cái răng khểnh có duyên nhỉ
thầy hỏi chi hắn cũng trả lời ro ro,thầy hỏi gì hắn cũng trả lời ro ro
nghe hắn nói chuyện mà tui bắt rở ốt,nghe hắn nói chuyện mà tôi nổi da gà
sớm mơi cha con mình đi suốt ló nghe,sáng mai cha con mình đi tuốt lúa nhé
túi qua ôn say ôn đái luôn tữa dà,tối qua ông say ông đái luôn giữa nhà
mi đứng xớ rớ trong bếp làm chi rứa,mày đứng quanh quẩn trong bếp làm gì thế
chưa nghe hết đầu đuôi lại áp bỏ đi,chưa nghe hết đầu đuôi lại bỗng dưng bỏ đi
mấy thằng âm trì đó thật khó dạy bảo,mấy thằng tối dạ đó thật khó dạy bảo
tao ăn cuộc với mầy cái gì cũng được,tao đánh cược với mày cái gì cũng được
bọn trộm vừa ăn mánh ở nhà ông chủ,bọn trộm vừa trúng mánh ở nhà ông chủ
mày tối ngày cứ ăn xàm xạp như heo,mày tối ngày cứ ăn liên tục như heo
cơm nguội hấp lại bã chã không thấy ngon,cơm nguội hấp lại rời rạc không thấy ngon
giường chiếu bài chài cũng không chịu sắp xếp,giường chiếu lộn xộn cũng không chịu sắp xếp
khách tới thấy nhà bài xài mắc cỡ chết,khách tới thấy nhà lộn xộn xấu hổ chết
chị cho tôi xin cái bao mủ đựng đồ,chị cho tôi xin cái túi nhựa đựng đồ
mày không sợ nó bào chọt cái bụng sao?,mày không sợ nó cồn cào cái bụng sao?
bây vui lòng theo tao qua bên đàng trai,bọn mày vui lòng theo tao qua bên đằng trai
anh ta có cái tật nói năng ca cách,anh ta có cái tật nói năng dông dài
nó tối ngày cà bất nơi này nơi nọ,nó tối ngày cù bất nơi này nơi nọ
mày cũng cà sớn đi đụng cho bể kiếng,mày cũng sớn sác đi đụng cho bể kính
nó cứ cài nhài làm ai cũng bực bội,nó cứ lải nhải làm ai cũng bực bội
"mày chỉ được nước lớn mồm, giỏi cãi sướt","mày chỉ được nước lớn mồm, giỏi cãi bướng"
mi đi bót cái bút chì cho tau cái,mày đi vót cái bút chì cho tao cái
nó vừa bú vừa bọp bú mẹ nó tề,nó vừa bú vừa bóp bú mẹ nó kìa
thằng nớ dỏ mờ cấy mẹng cứ chóc chóc,thằng ấy nhỏ mà cái miệng cứ lau chau
lấy chiếc chẹ ngoài hàng rào vô cho mạ,lấy chiếc chiếu ngoài hàng rào vào cho mẹ
"chú cứ dòm o chăm chăm, o dị òm","chú cứ nhìn cô ấy chăm chăm, cô ấy xấu hổ quá"
nó dỏ dỏ rứa mà chuyện chi cũng rành,nó nhỏ nhỏ thế mà chuyện gì cũng rành
mi đám đụng vô cái móng chân tau không,mày đám động vào cái móng chân tao không
thèng ni hắn mần cái thúng coi diễn hè,thằng này hắn làm cái thúng nhìn đẹp nhỉ
ăn mặc hở hang rứa mà không biết dị,ăn mặc hở hang rứa mà không biết xấu hổ
thằng khí nớ không làm được việc chi hết,thằng khỉ ấy không làm được việc gì hết
chớ mi làm cái chi mà mỵ rứa mi,chứ mày làm cái gì mà lạ thế mày
"chỗ ni nước su, bo quần lên mà lội","chỗ này nước sâu, xắn quần lên mà lội"
đồ đặc trong nhà để chài bài như vậy,đồ đặc trong nhà để chường bày như vậy
làm gì mà người trông dã dượi vậy anh,làm gì mà người trông rã rời vậy anh
đừng tưởng thấy ổng dã lả mà vội mừng,đừng tưởng thấy ông ấy giả lả mà vội mừng
mái nhà bị dại mà chưa có tiền sửa,mái nhà bị dột mà chưa có tiền sửa
bạn chỉ còn nước dang sức ra mà làm,bạn chỉ còn nước ra sức ra mà làm
nói dóc dàng trời ai mà chịu cho nổi,nói dóc quá trời ai mà chịu cho nổi
miếng giấy dăn như vậy mà viết gì nữa,miếng giấy nhăn như vậy mà viết gì nữa
nỗi lo không có tiền cứ dằn thúc chị,nỗi lo không có tiền cứ dằn vặt chị
ham mê cờ bạc nó đành đoạn bỏ mặc,ham mê cờ bạc nó nỡ đành bỏ mặc
còn nhỏ mà đánh quờn trông bài bản thiệt,còn nhỏ mà đánh quyền trông bài bản thật
giận ai mà mặt mày đằm đằm vậy chớ,giận ai mà mặt mày đằng đằng vậy chứ
"đằng thẳng, công việc ấy đã xong từ lâu","đáng lý, công việc ấy đã xong từ lâu"
mật cá này đắng chằng ai mà ăn nổi,mật cá này đắng ngắt ai mà ăn nổi
chỉ cần bắt thằng đầu nêu là sẽ rõ,chỉ cần bắt thằng đầu têu là sẽ rõ
làm cho đã đẽo đục cũng hoàn trắng tay,làm cho đã rốt cục cũng hoàn trắng tay
ông giám đốc tuy trẻ mà đề đạm ghê,ông giám đốc tuy trẻ mà điềm đạm ghê
"ổng đoạn đành đứng nhìn, không trợ giúp gì","ổng nỡ đành đứng nhìn, không trợ giúp gì"
đôn nảy nó nói gì tôi không nghe rõ,lúc nãy nó nói gì tôi không nghe rõ
mấy đứa nhỏ tắm đục ngừ cả khúc rạch,mấy đứa nhỏ tắm đục ngầu cả khúc rạch
cái tánh đủng đẳng của ông đã thành tật,cái tính đủng đỉnh của ông đã thành tật
"nó nhắm đúng bon, không chê vào đâu được","nó nhắm đúng y, không chê vào đâu được"
"cháu cứ tự nhiên, có gì mà ẽn lẽn","cháu cứ tự nhiên, có gì mà bẽn lẽn"
mày có gạy răng nó cũng không nói đâu,mày có cạy răng nó cũng không nói đâu
tay đó giàu xộn nhưng mà kiết dữ lắm,tay đó giàu sụ nhưng mà kiết dữ lắm
"đụng cái giảu môi, coi chừng ăn đòn nghen","đụng cái dẩu môi, coi chừng ăn đòn nhé"
bà giày bừa con người ta vừa vừa thôi,bà hành hạ con người ta vừa vừa thôi
mới giợm nói là ổng đã bỏ đi rồi,mới dợm nói là ông ấy đã bỏ đi rồi
chất gạch chi mà cao hêu hểu như vậy,chất gạch gì mà cao chới với như vậy
hồi giờ có thằng nào chạy qua đây không,nãy giờ có thằng nào chạy qua đây không
hổi giờ gia đình tôi cũng sống như thế,hồi giờ gia đình tôi cũng sống như thế
con người ảnh tánh tình hỗm hãm như vậy,con người anh ấy tính tình cởi mở như vậy
anh ở chi cái chỗ hui hút quá vậy,anh ở gì cái chỗ heo hút quá vậy
học cái kiểu làng xàng thi sao đậu nổi,học cái kiểu làng nhàng thi sao đậu nổi
nói lầu nhầu trong miệng chả ai nghe đâu,nói làu nhàu trong miệng chả ai nghe đâu
phải chạy lấy trớn tao mới nhảy qua được,phải chạy lấy đà tao mới nhảy qua được
"cái mền bị cháy lém đém, muốn hư rồi","cái chăn bị cháy lốm đốm, muốn hư rồi"
con tô màu kiểu gì mà lện quện quá,con tô màu kiểu gì mà lem luốc quá
tội thằng nhỏ phải chạy lóc phóc ra chợ,tội thằng nhỏ phải chạy lóc cóc ra chợ
hai đầu dây phải mám vào nhau mới được,hai đầu dây phải bám vào nhau mới được
"tao nhớ mày mạy, chớ cũng không chắc lắm","tao nhớ mang máng, chứ cũng không chắc lắm"
"thấy ổng nài nẫm mãi, tôi mới đồng ý","thấy ổng nài nỉ mãi, tôi mới đồng ý"
ba cái lúa chưa kịp cắt ngạp rạp hết,ba cái lúa chưa kịp cắt ngã rạp hết
có nhiều nhõi chi đâu mà anh trả tiền,có nhiều nhặn gì đâu mà anh trả tiền
khi ông dừng chơn đứng coi sắp nhỏ lội đua,lúc ông dừng chân đứng xem bọn trẻ bơi đua
khi ông mỉm cười bầy chó rượt nhau cắn lộn,lúc ông mỉm cười lũ chó đuổi nhau cắn lộn
ông giở ra thấy có tám câu thi như vầy,ông giở ra thấy có tám câu thơ như này
má bồng em đi chơi từ nãy giờ lận mà,mẹ bế em đi chơi từ nãy giờ kia mà
biết khi mô mới có người thương tui thiệt tình,biết bao giờ mới có người thương tôi thật lòng
cây cao đại thụ có khi rớt lá lọi cành,Cây cao đại thụ có khi rớt lá gãy cành
bữa ni anh cho ban đất rồi nện cho chặt,hôm nay anh cho san đất rồi nện cho chặt
tờ giấy chi của ba bị gió bảy tê tề,tờ giấy gì của ba bị gió thổi kia kìa
mạ khi mô cũng binh chị mà la con hoài,mẹ lúc nào cũng bênh chị mà mắng con thôi
"tui có chộ hắn bữa tê, bữa diếp chi đó","tôi có thấy hắn hôm qua, hôm kia gì đó"
con cà hai lon đậu xanh để mạ nấu chè,con cán hai lon đậu xanh để mẹ nấu chè
cơm canh chán chi mà mi ăn của em rứa?,cơm canh thiếu gì mà mày ăn của em thế?
lấy nước đá mà chằm trên trán cho bớt nóng,lấy nước đá mà chườm trên trán cho bớt nóng
ba giao chừng nớ một mình con làm chi ngạ,ba giao chừng ấy một mình con làm không xuể
tao mà chụp được mi thì mi biết tay tao,tao mà tóm được mày thì mày biết tay tao
mạ chỉ cần người biết đều một chút là được,mẹ chỉ cần người biết điều một chút là được
thằng nì lớn chút nữa cũng hoằm xừ lắm nghe,thằng này lớn chút nữa cũng vạm vỡ lắm nhe
"hắn hay làm trớt trớt, không tới đầu tới đũa","hắn hay làm qua loa, không tới đầu tới đũa"
chuyện láo khoét như rứa mà mi cũng tin à?,chuyện láo toét như thế mà mày cũng tin à?
việc ni eng để tui hỏi mạ tháp cái đã,việc này anh để tôi hỏi mẹ nó cái đã
vùng ni ruộng đồng trải mút mắt ngó thiệt sướng,vùng này ruộng đồng trải tít tắp nhìn thật sướng
vô bếp bốc cho ba một nạm đậu phụng rang,vào bếp bốc cho ba một nắm đậu phộng rang
hắn mà ưng chi thì rồi cứ đòi nằng nằng,hắn mà thích gì thì rồi cứ đòi nằng nặc
ni mô mi đi mô mà tao không chộ đến?,lâu nay mày đi đâu mà tao không thấy đến?
lớn thức nớ mà răng còn nói chớt rứa mi?,lớn thế ấy mà sao còn nói ngọng thế mày?
ngày mai tới phiên mi nôm trâu đi ăn đó,ngày mai tới phiên mày cưỡi trâu đi ăn đó
người ta đã nói không rồi đừng quèo nài nữa!,người ta đã nói không rồi đừng kèo nài nữa!
có chuyện chi mà mi ngó bộ rầu máu rứa,có chuyện gì mà mày xem chừng buồn bực thế
sáp nhỏ đứa mô cũng bị nổi sảy đầy người,bọn trẻ đứa nào cũng bị nổi sẩy đầy người
mình đi như ri là tréo đường rồi ôn nờ,mình đi như thế này là trái đường rồi ông ơi
mấy hôm ni mần chi mà không học bài rứa,mấy hôm nay làm gì mà không học bài thế
sáng ni vô lớp em buồn ngủ tríu mắt luôn,sáng nay vào lớp em buồn ngủ ríu mắt luôn
"em không đi gặp eng nớ mô, trơi lắm nờ","em không đi gặp anh ấy đâu, xấu hổ lắm mà"
dao trùi như ri làm sao mà cắt với gọt,dao cùn thế này làm sao mà cắt với gọt
"ngó tề, thằng cu trún cơm ra hết rồi tề","xem kìa, thằng cu trớ cơm ra hết rồi kìa"
tui làm chi mà eng xài xể tui như rứa,tôi làm gì mà anh nhiếc móc tôi như thế
"ậy, con làm vầy tía coi không đặng à nghe","ấy, con làm vậy cha xem không được ấy nhé"
ghé chợ mua ba mớ về ăn cho qua bữa,ghé chợ mua lặt vặt về ăn cho qua bữa
việc gì nó cũng làm ba mứa rồi để đó,việc gì nó cũng làm nửa chừng rồi để đó
mày nói sao tao nghe toàn chuyện ba sạo không,mày nói sao tao nghe toàn chuyện bịa đặt không
thương lời ăn tiếng nói thiệt tình không bãi buôi,thương lời ăn tiếng nói thật tình không đã bôi
nhờ bán cất cho nên gia đình mới giàu nhanh,nhờ bán buôn cho nên gia đình mới giàu nhanh
nó kiếm được có bao lăm mà mày cũng đòi,nó kiếm được có bao nhiêu mà mày cũng đòi
có chuyện gì mà trông có vẻ bẳn hẳn vậy?,có chuyện gì mà trông có vẻ cáu bẳn vậy?
con du của già làng khéo ăn khéo nói ghê,con dâu của già làng khéo ăn khéo nói ghê
"đéng trít lỗ tai rồi tề, coi mà khươi ra","ráy tay bít lỗ tai rồi kìa, coi mà khơi ra"
cái khu o nớ sệ rứa chắc mắn con lắm,cái mông cô ấy sệ thế chắc mắn con lắm
chú nậy rứa chứ chưa chắc khun hơn mô nờ,chú lớn vậy chứ chưa chắc khôn hơn đâu à
em ăn méng béng ni nếu lưa thì eng ăn,em ăn miếng bánh này nếu còn thì anh ăn
o nớ không biết phải sốt không mà nóng hủi,cô ấy không biết phải sốt không mà nóng quá
chú ăn kẹo mà không trừa cho o một méng,chú ăn kẹo mà không chừa cho cô một miếng
ăn xong rồi mà không ai trồng chén đọi hết,ăn xong rồi mà không ai dọn chén bát hết
răng dô nhà mà không chồ ai hết rứa con,sao vào nhà mà không chào ai hết thế con
núa thì núa rứa chớ chéc chi hắn đã tới,nói thì nói thế chứ chắc gì hắn đã tới
"mi cua chừng, lố lố là biết mặt với tay","mày coi chừng, láo toét là biết mặt với tao"
mi núa lố lố rứa tau quánh chết chừ á,mày nói láo láo thế tao đập chết giờ á
trời nắng chang chang mà mi đi đầu dầu rứa,trời nắng chang chang mà mày đi đầu trần thế
ba mươi tuổi mà hắn vẫn khù như con nít,ba mươi tuổi mà hắn vẫn khờ như con nít
đi lễ tiệc chi mà ăn bận ngơm rứa ta,đi lễ tiệc gì mà ăn mặc đẹp đẽ thế
làm dàng dênh kiểu đó biết bao giờ mới xong,làm dềnh dàng kiểu đó biết bao giờ mới xong
cả ngày hôm nay tôi phải làm việc mệt dẩu,cả ngày hôm nay tôi phải làm việc mệt lắm
con dệu nồi cháo một chút chớ để nó khét,con khuấy nồi cháo một chút chứ để nó khét
mấy người thân hình don mặc áo dài rất đẹp,mấy người thân hình thon mặc áo dài rất đẹp
ông ta dốt trất mà làm chủ tịch cái gì,ông ta dốt đặc mà làm chủ tịch cái gì
"ở đó mà còn dụ dự, rồi trễ nải hết","ở đó mà còn do dự, rồi trễ nải hết"
ba cái bánh tráng dúng này ăn không cũng được,ba cái bánh tráng nhúng này ăn không cũng được
bột khuấy đặc cón cái kiểu này nuốt gì nổi,bột khuấy đặc cứng cái kiểu này nuốt gì nổi
tình cảm hai nhà vẫn đặm đà như ngày nào,tình cảm hai nhà vẫn đậm đà như ngày nào
chỉ cần lấy hòn đá đẹn cửa hang là xong,chỉ cần lấy hòn đá chẹn cửa hang là xong
"gặp cái thằng đui then này, con nhỏ nào ưng","gặp cái thằng đen thui này, con nhỏ nào ưng"
con thấy en trong người thì lấy áo mặc vào,con thấy ớn trong người thì lấy áo mặc vào
con gái nhà ai mà đẹp ế tử như vậy,con gái nhà ai mà đẹp hết ý như vậy
lớn rồi để nó tự đi ên cũng được mà,lớn rồi để nó tự đi một mình cũng được mà
thằng này có tật nhậu sau hay gạy chuyện cũ,thằng này có tật nhậu sau hay gợi chuyện cũ
"con cái mà ghét gủa, đánh đập nó như vậy","con cái mà ghét bỏ, đánh đập nó như vậy"
"giác nãy, anh có nói gì tôi chưa nghe rõ","lúc nãy, anh có nói gì tôi chưa nghe rõ"
giàn giá xây dựng bây giờ bằng ống tiếp hết,giàn giáo xây dựng bây giờ bằng ống tiếp hết
"thường hạ rộng, người ta phải coi giờ nữa đó","thường hạ huyệt, người ta phải xem giờ nữa đó"
cái đó có hay hón gì mà ở lại xem,cái đó có hay hớn gì mà ở lại xem
chỗ hẻ của mấy miếng ván phải được trám lại,chỗ hở của mấy miếng ván phải được trám lại
"ảnh được một cái tánh hệch hạc, ai cũng mến","anh ấy được một cái tính lởi xởi, ai cũng mến"
con gái nhà ai mà coi cũng khá cảy há,con gái nhà ai mà coi cũng khá lắm há
hai bên sui gia phải kháp mặt nhau mới được,hai bên sui gia phải giáp mặt nhau mới được
tướng anh ta khong khỏng vậy mà nhanh lắm đó,tướng anh ta dong dỏng vậy mà nhanh lắm đó
hai đứa cười khúc khắc hoài ai mà ngủ được,hai đứa cười khúc khích mãi ai mà ngủ được
"cái thằng kỉm rỉm, chẳng bao giờ nó mở miệng","cái thằng lầm lì, chẳng bao giờ nó mở miệng"
chim cò kéo về vườn la lũ thấy mà mê,chim cò kéo về vườn lũ lượt thấy mà mê
ba cái đồ lạc xon của nó được bao nhiêu,ba cái đồ cũ hỏng của nó được bao nhiêu
con chim nó lăng líu trong vườn cũng vui tai,con chim nó líu lo trong vườn cũng vui tai
không ngờ con người mày lại lẻo lự quá đi,không ngờ con người mày lại lươn lẹo quá đi
thời buổi lộn lạo không phân biệt được thật giả,thời buổi nhộn nhạo không phân biệt được thật giả
"cả ngày nó đi lu ầm, tối về mệt đừ","cả ngày nó đi lu bù, tối về mệt đừ"
cái thằng lứt láo đó phải nện cho một trận,cái thằng láo toét đó phải nện cho một trận
"giọng ca phải muồi mẫn, theo nghĩa là lãng mạn","giọng ca phải mùi mẫn, theo nghĩa là lãng mạn"
"làm gì mà nắm nớp vậy, sợ bị la à","làm gì mà nơm nớp vậy, sợ bị mắng à"
làm gì cứ nha nhỏm đứng lên ngồi xuống thế,làm gì cứ nhấp nhỏm đứng lên ngồi xuống thế
anh nhú nhứ kiểu này thì hết ngày hết trơn,anh do dự kiểu này thì hết cả ngày
bà nhủ cuối năm ni mi lo mà đưa chồng về,bà dặn cuối năm nay mày lo mà đưa chồng về
tay bưng chén nước mà mắt ngó người trai ấy hoài,tay nâng chén nước mà mắt dòm người trai ấy mãi
từ khi cháu lên tới lớp nhứt thì ông mang bịnh,từ khi cháu lên tới lớp nhất thì ông mang bệnh
tại răng những nguời khác họ không ráng để hiểu mình,tại sao những nguời khác họ không cố để hiểu mình
"bọ tui chộ con cọt, rứa mà nỏ biết ra răng","bố tôi thấy con cọp, thế mà chẳng biết ra sao"
"nước mắt chặm hoài không khô, răng khổ ri nì trời","nước mắt thấm mãi không khô, sao khổ thế này trời"
"đi coai boái, thầy boái noái đi coai cái voài voai","đi coi bói, thầy bói nói đi coi cái vòi voi"
ai biểu túi qua uống cho lắm rồi chừ nhức đầu,ai bảo tối qua uống cho lắm rồi bây giờ nhức đầu
buổi sáng tui cũng ăn ba hột rồi mới đi mần,buổi sáng tôi cũng ăn qua loa rồi mới đi làm
bác uống xong ly nước bơ bác đứng dậy đi về,bác uống xong ly nước rồi bác đứng dậy đi về
mạ mi mô mà mi ngồi chào vao rứa thằng tê?,mẹ mày đâu mà mày ngồi đờ đẫn thế thằng kia?
"việc ni châm lắm, một mình tui không lo được mô","việc này khó lắm, một mình tôi không lo được đâu"
chỗ ni không phải là chỗ để chổ nước miếng nghe,chỗ này không phải là chỗ để nhổ nước bọt nhé
độ ni mà có tiền thì tui mua một chiếc xe,dạo này mà có tiền thì tôi mua một chiếc xe
Nợ nần mô từ đời năm dậu ai mà nhớ được,nợ nần đâu từ xưa lắm rồi ai mà nhớ được
thằng nớ không biết một chữ đui mà đòi làm quan,thằng ấy không biết một chữ nào mà đòi làm quan
hồi nớ anh có để ý cái o hàng xóm không,hồi ấy anh có để ý cái cô hàng xóm không
lấy giùm em viên bi lăn vô trong kẹt ni rồi,lấy hộ em viên bi lăn vào trong góc này rồi
phơi ló cho thiệt khén mới đổ vô bồ nghe con,phơi lúa cho thật khô rồi mới đổ vào bồ nhé con
công việc nhiều lắm ba đứa bây làm không ngạ mô,công việc nhiều lắm ba đứa bọn mày làm không nổi đâu
sáng sớm nhảy mũi mấy cái là biết bị cảm rồi,sáng sớm hắt hơi mấy cái là biết bị cảm rồi
cụ mi nói dốc chớ làm chi có chuyện như rứa,cụ mày nói dóc chứ làm gì có chuyện như thế
nớ ni anh chàng của mi có lui tới chi không,từ ấy đến giờ anh chàng của mày có lui tới gì không
chị mà ra buôn bán dễ bị người ta phỉnh lắm,chị mà ra buôn bán dễ bị người ta lừa lắm
quá cùng tui mới tới đây nhờ anh chị giúp đỡ,bất đắc dĩ tôi mới tới đây nhờ anh chị giúp đỡ
"dù răng hắn cũng ruột rà máu mủ, bỏ răng đành","dù sao hắn cũng ruột ra máu mủ, bỏ sao đành"
anh uống xong ba ly rồi ba anh đứng dậy về,anh uống xong ba ly rồi thì anh đứng dậy về
sáng mơi mạ đi chợ mua cho con cái cặp mới,sáng mai mẹ đi chợ mua cho con cái cặp mới
hắn mới nói mấy câu thì bị ông ấy trặc họng,hắn mới nói mấy câu thì bị ông ấy chặn họng
làm việc ụi ụi từ sáng đến chừ không nghỉ tay,làm việc hùng hục từ sáng đến giờ không nghỉ tay
mày làm việc ba bứa như vầy ai mà chịu nổi,mày làm việc bướng như vậy ai mà chịu nổi
mày ăn nói bá đáp như vầy ai mà hiểu nổi,mày ăn nói lộn xộn như vậy ai mà hiểu nổi
ở đó mà nghe ổng nói cà cưa hết thời gian,ở đó mà nghe ông ấy nói cà kê hết thời gian
thằng cu mô rồi cầm cấy chũi ra xuốc cươi coi,thằng cu đâu rồi cầm cái chổi ra quét sân xem nào
eng mập rứa mà bựa mô cũng ăn cả dịa cơm,anh mập thế mà hôm nào cũng ăn cả dĩa cơm
chừ ăn một méng béng thôi để đèng ngày mai ăn,giờ ăn một miếng bánh thôi để dành ngày mai ăn
"tau ngó cái tau biết, mi ưng hắn rồi chớ chi","tao nhìn cái tao biết, mày thích hắn rồi chứ gì"
"làm cập nập kiểu này, tôi nghĩ dễ thất bại lắm","làm cập rập kiểu này, tôi nghĩ dễ thất bại lắm"
mấy đứa bây bàn tính cái gì mà chạc rạc vậy,mấy đứa bọn mày bàn tính cái gì mà nhốn nháo vậy
con ngồi chàng ảng vậy còn đâu chỗ cho người khác,con ngồi chình ình vậy còn đâu chỗ cho người khác
ngồi cái kiểu gì mà dại hai chân ra vậy chớ,ngồi cái kiểu gì mà dạng hai chân ra vậy chứ
phơi lúa kiểu này dang hết con lộ người ta rồi,phơi lúa kiểu này tràn hết con đường người ta rồi
con không được phép ăn nói dặc một như vậy nghen,con không được phép ăn nói cộc lốc như vậy nhé
quần áo dăn deo mà mặc đi đám thấy kì lắm,quần áo nhăn nheo mà mặc đi đám thấy kì lắm
sáng ngày kêu dậy cứ dật dựa năm lần bảy lượt,sáng ngày gọi dậy cứ vật vờ năm lần bảy lượt
con gái mà ăn nói không có duyên dùng chi hết,con gái mà ăn nói không có duyên dáng gì hết
tiền đưa nó bao nhiêu cuối cùng cũng đi đon hết,tiền đưa nó bao nhiêu cuối cùng cũng đi tong hết
khúc cây đuôn này xẻ ra đóng đồ là hết ý,khúc cây thuôn này xẻ ra đóng đồ là hết ý
mới cuốc đất có một lát mà đã đừ câm rồi,mới cuốc đất có một lát mà đã đờ đẫn rồi
đi tàu mà trật đường rầy là kể như tiêu đời,đi tàu mà trật đường ray là kể như tiêu đời
có gì đâu mà con gằn đẳn với em vậy chớ,có gì đâu mà con gắt gỏng với em vậy chứ
mái nhà này coi như gặp mưa là giại ráo trọi,mái nhà này coi như gặp mưa là dột hết cả
chuối này chỉ cần giú hai ngày là chín rục hết,chuối này chỉ cần rấm hai ngày là chín rục hết
đồ đạc trong nhà anh chị gọn bân trông thoáng thật,đồ đạc trong nhà anh chị gọn gàng trông thoáng thật
mấy anh em từ chiều hè hụi mãi mới đẩy được,mấy anh em từ chiều hì hục mãi mới đẩy được
bây giờ mà chị ngồi chờ tới phiên chị hèn lâu,bây giờ mà chị ngồi chờ tới phiên chị còn lâu
nó làm việc hoãn đãi không biết bao giờ mới xong,nó làm việc khoan thai không biết bao giờ mới xong
chuyện gì phải chạy cho mệt thở hổng hểnh vậy chớ,chuyện gì phải chạy cho mệt thở hổn hển vậy chứ
nhìn bộ mặt hờm hờm của sếp là phát sợ rồi,nhìn bộ mặt hằm hằm của sếp là phát sợ rồi
tôi với anh đi đâu một lát cho khuể khỏa đi,tôi với anh đi đâu một lát cho khuây khỏa đi
bọn trẻ ăn mặc kiểu gì kịch cợm chướng mắt ghê,bọn trẻ ăn mặc kiểu gì kệch cỡm chướng mắt ghê
mới đó mà thời gian kỉm rỉm cũng gần hết năm,mới đó mà thời gian thấm thoát cũng gần hết năm
mấy con nhỏ lả lúa chơi với tụi nó làm gì,mấy con nhỏ lả lơi chơi với tụi nó làm gì
ăn mặc lài xài kiểu này đi đám cưới kì chết,ăn mặc lôi thôi kiểu này đi đám cưới kì chết
thằng cha lim rỉm đó coi vậy mà đáng sợ lắm,thằng cha im ỉm đó nhìn vậy mà đáng sợ lắm
anh cột lỏng le cái kiểu này xe chạy rơi hết,anh cột lỏng lẻo cái kiểu này xe chạy rơi hết
có đứa lụ khầm ba bốn lần vẫn chưa nắm được,có đứa ngu đần ba bốn lần vẫn chưa nắm được
hắn ta nhảy vô đó là bị máng càng luôn rồi,hắn ta nhảy vào đó là bị bế tắc luôn rồi
có hiểu gì hôn mà cũng ngồi nhóc mỏ đó vậy,có hiểu gì không mà cũng ngồi hóng hớt đó vậy
con gái gì mà quan hệ nhớn nhở cái kiểu đó,con gái gì mà quan hệ lẳng lơ cái kiểu đó
cả tuần này chúng nhùi đầu vô ba cái tập sách,cả tuần này chúng vùi đầu vào ba cái tập sách
"trông cái dáng nính náng của ông, tôi thấy phát mệt","trông cái dáng dềnh dàng của ông, tôi thấy phát mệt"
tiếng nghệ tôi không biết có lộ mô gọi chữ ngợp không?,tiếng nghệ tôi không biết có chỗ nào dùng chữ ngợp không?
ở đã mấy ngày rày mà chưa kiếm được việc chi hết,ở đã mấy ngày rồi mà chưa kiếm được việc gì hết
mình cứ phải ráng giả giọng miết để cho họ hiểu mình?,mình cứ phải cố giả giọng mãi để cho họ hiểu mình?
"thưa cụ mự, bọ tui vô rú rút mây về đươn trẹt","thưa cậu mợ, bố tôi vào rừng rút mây về đan rá"
"chừ mạ tui cúng con gà, cụ mự qua chút chò bui","giờ mẹ tôi cúng con gà, cậu mợ qua chút cho vui"
"xa voài voại, noái khôn tới, với khôn được, ngó khôn chộ","xa vời vợi, nói không tới, với không được, nhìn không thấy"
xây được cái nhà cũng chỉ do ăn lần mần dọi thôi,xây được cái nhà cũng chỉ do làm ăn cần cù thôi
mụ nớ xưa nay vẫn cứ ba hồi ba chặp như rứa,mụ ấy xưa nay vẫn cứ hay thay đổi như thế
"trời tối quá, không chộ đường, tui đạp trúng bãi cứt tru","trời tối quá, không thấy đường, tôi đạp trúng bãi cứt trâu"
mi mà còn láu tao tát cho toe bắp mỏ a chừ!,mày mà còn láo tao tát cho toe miệng bây giờ!
"mặt mũi chi mô mà dễ sợ, thấy bắt nằm chộ luôn","mặt mũi gì đâu mà dễ sợ, thấy ám ảnh luôn"
trồng dừa ngoài biền mà giữ đất cho khỏi lở bác nờ,trồng dừa ngoài bờ mà giữ đất cho khỏi lở bác ơi
thằng cu tèo mà chộ tui là hắn cứ bíu bắt bồng,thằng cu tèo mà thấy tôi là hắn cứ níu bắt bế
mơi nhớ bới cơm trưa mà ăn rồi mần luôn cho tiện,mai nhớ mang cơm trưa mà ăn rồi làm luôn cho tiện
việc nớ thì để chặp túi ăn cơm xong ba sẽ qua,việc ấy thì để chập tối ăn cơm xong ba sẽ qua
o nói như rứa là chưởi xéo bọn mình đó anh nờ,cô ấy nói như thế là chửi xéo bọn mình đó anh nhỉ
lớn tuổi thì phải lấy dôn chơ ốt dột chi con hè,lớn tuổi rồi thì phải lấy chồng chứ xấu hổ gì con nhỉ
khi hồi tau đi ngang nhà mi thấy không có ai cả,lúc nãy tao đi ngang nhà mày thấy không có ai cả
"việc mô mình làm được thì cố làm, đừng làm rộn bác","việc nào mình làm được thì cố làm, đừng làm phiền bác"
"tui đương rảnh, thôi để tui làm xâu cho làng ít lâu","tôi đang rảnh, thôi để tôi làm công ích cho làng một thời gian"
chị nớ việc chi cũng làm xoắc xoắc mà đâu vô đó,chị ấy việc gì cũng làm nhanh tay mà đâu vào đó
cả nhà đi mô mà để cơm nước lắng thế ri hè?,cả nhà đi đâu mà để cơm nước nguội thế này nhỉ?
phần mi được cái áo đẹp rứa mà răng còn trề mui?,phần mày được cái áo đẹp thế mà sao còn trề môi?
bạn bè tụi tui thương nhau như thử anh em rứa đó,bạn bè bọn tôi thương nhau như thể anh em vậy đó
tui có nói mấy câu mà hắn đã quẹt đít bỏ đi,tôi có nói mấy câu mà hắn đã quay lưng bỏ đi
con mua cái chi mà ngày mô cũng ráu tiền mạ rứa?,con mua cái gì mà ngày nào cũng đòi tiền mẹ thế?
răng eng mới ăn có sét chén mà đã bỏ đũa rồi?,sao anh mới ăn có lưng bát mà đã bỏ đũa rồi?
chuyện nhà người ta răng mà mi biết tọ tọe như rứa,chuyện nhà người ta sao mà mày biết rành rẽ như thế
mi đi mô về mà chưn mi trây bùn đầy nhà rứa,mày đi đâu về mà chân mày trây bùn đầy nhà thế
ta nói hắn chớ nói chi mi mà mi xách néc rứa,ta nói hắn chứ có nói gì mày mà mày bực bội thế
hắn ta có cái tật hay bán dê bán díu người khác,hắn ta có cái tật hay bêu riếu người khác
chú đi mô cũng núm cấy lưng cùn kẻo sợ bị tuột,chú đi đâu cũng cầm cái lưng quần kẻo sợ bị tuột
trời dun dủi sao tôi gặp lại người bạn mười mấy năm,trời run rủi sao tôi gặp lại người bạn mười mấy năm
đùm chôm chôm này coi vậy chớ cũng cả kí lận đó,chùm chôm chôm này coi vậy chứ cũng cả kí luôn đó
"tao nói đúng bóc, mày có thấy sai chỗ nào không ?","tao nói đúng chóc, mày có thấy sai chỗ nào không ?"
nấu nồi cơm ế bum như vầy sao mà ăn hết được,nấu nồi cơm nhiều như vậy sao mà ăn hết được
mày gianh cái mái nhà lại cho nó đẹp một tí coi,mày tỉa cái mái nhà lại cho nó đẹp một tí xem
anh em sinh đôi mà ông bảo hổng giống hịt sao được,anh em sinh đôi mà ông bảo không giống hệt sao được
trúng mánh hay sao mà cái mặt trông gủn gởn vậy bồ,trúng mánh hay sao mà cái mặt trông hớn hở vậy bồ
tính hịch hạc của anh ta đi đâu cũng dễ làm quen,tính lởi xởi của anh ta đi đâu cũng dễ làm quen
tu hiềng cái kiểu gì mà cho vay cắt cổ vậy chớ,tu hành cái kiểu gì mà cho vay cắt cổ vậy chứ
có cái bánh nhỏ híu mà con giành với em làm gì,có cái bánh nhỏ xíu mà con giành với em làm gì
"thằng này ăn nói huếnh hoáng, làm như nó tài lắm vậy","thằng này ăn nói huênh hoang, làm như nó tài lắm vậy"
dân nghèo mà có được cơm lâm vố qua ngày cũng đỡ,dân nghèo mà có được cơm thừa qua ngày cũng đỡ
cái thằng ăn nói lấp lảng đó hơi đâu mà nghe nó,cái thằng ăn nói lấp lửng đó hơi đâu mà nghe nó
tôi thấy chúng nhìn lom lem cái túi của chị rồi đó,tôi thấy chúng nhìn lăm le cái túi của chị rồi đó
mày đi lớn sớn thế nào cũng đá cho đổ bế đi,mày đi bất cẩn thế nào cũng đá cho đổ bế đi
em mô có lỗi chi với anh mà anh bỏ đi răng đành,em đâu có lỗi gì với anh mà anh bỏ đi sao đành
tao thà đi đầy tở còn hơn ăn thép bà con như rứa,tao thà đi đầy tở còn hơn ăn chực bà con như thế
bà cưng chiều hắn như rứa biểu răng hắn không hư cho được?,bà cưng chiều hắn như thế bảo sao hắn không hư cho được?
"lựa thì rờ là được rồi, đừng có bọp, hư của tui hết","lựa thì xem là được rồi, đừng có bóp, hư của tôi hết"
ông đánh con cái thế nớ biểu răng tui không can cho được?,ông đánh con đến mức ấy bảo sao tôi không can cho được?
"o nớ ngó người cũng đẹp, cậm điều ăn nói hàm hồ quá","cô ấy xem người cũng đẹp, có điều ăn nói hàm hồ quá"
ngó tướng tá dữ hằn rứa cha mà tính nết lại hiền lành,xem tướng tá dữ dằn thế nhưng mà tính nết lại hiền lành
mà cọ có đi nữa thì eng cũng nên nhỏ nhẹ khuyên răn,mà dù có thế đi nữa thì anh cũng nên nhỏ nhẹ khuyên răn
"đi chi mà đi vội rứa, đi tà tà rồi cũng tới mà","đi gì mà đi vội thế, đi từ từ rồi cũng tới mà"
khi ni mà mệ còn mặc quần cháo lòng kể cũng lạ thiệt,lúc này mà mẹ còn mặc quần cháo lòng kể cũng lạ thật
"con ni đanh đá lắm, mà con nớ cũng không vừa chi mô","con này đanh đá lắm, mà con ấy cũng không thua kém gì đâu"
thằn nớ học hành chưa tới nơi tới chốn mà ưa làm dốc,thằng ấy học hành chưa tới nơi tới chốn mà ưa làm cao
lối anh a còn ở đây anh a hay tới thăm tui lắm,hồi anh ấy còn ở đây anh ấy hay tới thăm tôi lắm
thằng anh ăn nói như rứa trách chi thằng em hay cãi lại,thằng anh ăn nói như thế trách gì thằng em hay cãi lại
ảnh còn nói ảnh chỉ cướp của nhà giàu chia cho nhà nghèo,anh ấy còn nói anh ấy chỉ cướp của nhà giàu chia cho nhà nghèo
hắn ta ăn vận coi sang chớ trong túi không có đồng bạc,hắn ta ăn vận nhìn sang chứ trong túi không có đồng bạc
cái kiểu làm cầu âu như mầy biết khi nào có kết quả,cái kiểu làm cầu may như mày biết khi nào có kết quả
mấy đứa nhỏ thay nhau bịnh làm đi ton hết mấy chỉ vàng,mấy đứa nhỏ thay nhau bệnh làm đi tong hết mấy chỉ vàng
"cứ nói chuyện với ổng đình huỳnh, không việc gì phải úp mở","cứ nói chuyện với ông ấy dàng hoàng, không việc gì phải úp mở"
con còn đỏ lỏn mà mầy bồng nó ra ngoài gió máy hoài,con còn đỏ hỏn mà mày bồng nó ra ngoài gió máy mãi
chưa làm được chi hết mà tao thấy mày đòi bọng tùm lum,chưa làm được gì hết mà tao thấy mày đòi hỏi tùm lum
con nằm đó coi chừng bóng chiều giại vô bịnh đó nghen hôn,con nằm đó coi chừng bóng chiều dọi vào bệnh đó nghe không
"bàn chân này trật kháp rồi, phải sửa lại mới đắp thuốc được","bàn chân này trật khớp rồi, phải sửa lại mới đắp thuốc được"
có chuyện gì vui hôn mà trông anh có vẻ khoăn khoái vậy,có chuyện gì vui không mà trông anh có vẻ khoan khoái vậy
bộ mầy cha người ta hay sao mà ăn khúc nhưn không vậy,chắc mày cha người ta hay sao mà ăn phần nhân không vậy
"bạn bè lúc lâm vấp phải biết thương yêu, giúp đỡ lẫn nhau","bạn bè lúc khó khăn phải biết thương yêu, giúp đỡ lẫn nhau"
học sinh mà để đầu lòm xòm như vậy không hay chút nào,học sinh mà để đầu lùm xùm như vậy không hay chút nào
nói những chuyện lớ quớ đó làm gì cho mích lòng chòm xóm,nói những chuyện xớ rớ đó làm gì cho mích lòng hàng xóm
tụi mi có cười thì cũng là cười cái giọng nam của tụi mi,bọn mày có cười thì cũng là cười cái giọng nam của bọn mày
hắn ăn đầu mút đũa như rứa là do tới nhà người lạ đó,hắn ăn nhỏ nhẻ như thế là do tới nhà người lạ đó
lần sau mệ tới chơi đừng đem bánh trái chi cho nó bách xách,lần sau mẹ tới chơi đừng đem bánh trái gì cho nó phiền phức
ai làm chi hắn mà khi hồi chừ hắn cứ bảy rảy rứa hè,ai làm gì hắn mà nãy giờ hắn cứ bứt rứt thế nhỉ
ngó ngoài mặt thì rứa đó chớ trong bụng có bui bẻ chi mô,nhìn ngoài mặt thì thế đó chứ trong bụng có vui vẻ gì đâu
"coi nì, thằng nhỏ ni béo mà da thịt chắc nụi chứ không bệu","xem này, thằng nhỏ này béo mà da thịt săn chắc chứ không bệu"
tui có lấy cấy nớ mô mà o cứ đổ hộ cho tui rứa?,tôi có lấy cái ấy đâu mà cô ấy cứ đổ thừa cho tôi thế?
học trò chi mà trưa trật trưa trề còn chưa chịu dậy rứa hè,học trò gì mà quá trưa còn chưa chịu dậy thế này
lần sau mi còn tự thị như rứa là bị ăn đòn nghe chưa,lần sau mày còn tự ý như thế là bị ăn đòn nghe chưa
đã ừ è mô vô nấy rồi mà răng chừ hắn chưa tới hè,đã đồng ý đâu vào đấy rồi mà thế giờ hắn chưa tới nhỉ
"lâu lâu mới có một bữa ăn líp ba ga như vậy, sướng thiệt","lâu lâu mới có một bữa ăn thả ga như vậy, sướng thật"
bọn chúng bàn chuyện gì mà coi có vẻ rất ăn mánh với nhau,bọn chúng bàn chuyện gì mà xem có vẻ rất ăn ý với nhau
tôi không bị cấn cái mấy đứa nhỏ tôi bỏ ổng đi lâu rồi,tôi không bị vướng mắc mấy đứa nhỏ tôi bỏ ông ấy đi lâu rồi
dẩu mà tội thầy nặng thế nào thì cũng đã tha cho thầy rồi,dù vậy mà tội thầy nặng thế nào thì cũng đã tha cho thầy rồi
"cả ngày nay không ăn uống gì, đói lủi, còn làm việc gì được","cả ngày nay không ăn uống gì, đói lả, còn làm việc gì được"
chuyện có đáng gì đâu mà mày giằn thúc vợ mày hoài vậy chớ,chuyện có đáng gì đâu mà mày dằn vặt vợ mày mãi vậy chứ
guột dây có bài bản như tao chỉ cần giựt một cái là xong,buộc dây có bài bản như tao chỉ cần giật một cái là xong
chuyện ấy có hầy hấn gì tôi đâu mà phải chạy lo cho mệt,chuyện ấy có hề hấn gì tôi đâu mà phải chạy lo cho mệt
con đâu phải đứa hoang đàng đâu mà lại vô lễ với người lớn,con đâu phải đứa hư hỏng đâu mà lại vô lễ với người lớn
ai may cái quần cho mày hủn hoẳn trên mắt cá chân như vậy,ai may cái quần cho mày ngủn ngoẳn trên mắt cá chân như vậy
"ba cái hột lẳn mẳn này mà không có đồ đựng, nó rớt mất","ba cái hột li ti này mà không có đồ đựng, nó rớt mất"
vợ chồng tôi cũng phải nhín nhút tiền bạc gửi cho con chị nó,vợ chồng tôi cũng phải dành dụm tiền bạc gửi cho con chị nó
"loòng tui thì có chi mà viết, chỉ có cái giọng nói bẹ bẹ thôi","làng tôi thì có gì mà viết, chỉ có cái giọng nói bẹ bẹ thôi"
năm ni trời hạn cả và thiên hạ ai cũng khổ chớ riêng chi mình,năm nay trời hạn tất cả thiên hạ ai cũng khổ chứ riêng gì mình
mạ mi đi chợ mua một mớ cải và ăn với canh cho mát nghe,mẹ mày đi chợ mua một mớ cải non ăn với canh cho mát nhé
độ rày có nhiều tin đồn này nọ làm người ta cứ chạo rạo hoài,dạo này có nhiều tin đồn này nọ làm người ta cứ xôn xao không dứt
mới tết trung thu đó mà lật bật đã gần tới tết ta rồi tề,mới tết trung thu đó mà chẳng mấy chốc đã gần tới tết ta rồi kìa
"tao kể cho mi chuyện ni, mà đều mi đừng nói cho ai biết nghe","tao kể cho mày chuyện này, với điều kiện mày đừng nói cho ai biết nhé"
"mày tối ngày cứ lo chuyện bá đế không, không lo mần ăn gì hết","mày tối ngày cứ lo chuyện không đâu, không lo làm ăn gì hết"
có cái lò xô không cho mượn về nấu cơm bựa ni hết củi rồi,có cái bếp dầu không cho mượn về nấu cơm hôm nay hết củi rồi
mầy ở đâu mà tao réo chạc họng mà mầy cũng không nghe vậy hả,mày ở đâu mà tao réo rát họng mà mày cũng không nghe vậy hả
cái thằng đó chỉ cần có chút quyền hành đã ra mặt húng hách rồi,cái thằng đó chỉ cần có chút quyền hành đã ra mặt hống hách rồi
chứ tụi mi không còn dịp mô để mà cười giọng Huế của tao nửa hết,chứ bọn mày không còn dịp nào để mà cười giọng Huế của tao nữa hết
độ rày mi không có việc chi làm hay răng mà đi cà nhỏng hoài rứa?,dạo này mày không có việc gì làm hay sao mà đi lêu lổng mãi thế?
"chi lạ rứa? đường rộng không đi, cứ đi chen vô cho đụng người ta rứa?","sao kỳ cục thế? đường rộng không đi, cứ đi chen vào cho đụng người ta thế?"
hỏng biết nó có làm việc ấy không mà nó trả lời có vẻ ấm á,không biết nó có làm việc ấy không mà nó trả lời có vẻ ấm ớ
"hỏi nó có một câu dễ ẹc mà nó cũng ắc ứ, thiệt là hết biết","hỏi nó một câu dễ ợt mà nó cũng ngắc ngứ, thật là hết biết"
"mi dặm lúa chi mà chỗ sưa chỗ dày ri, dặm cho hắn đèo lại chớ","mày giặm lúa gì mà chỗ thưa chỗ dày thế, giặm cho nó đều lại chứ"
con ngồi giại hai chân ra cái kiểu đó còn đâu chỗ cho anh ngồi nữa,con ngồi dạng hai chân ra cái kiểu đó còn đâu chỗ cho anh ngồi nữa
"làm cái hàng rào hỏng hẻo như thế này, ăn trộm nó vào một cái một","làm cái hàng rào lỏng lẻo như thế này, ăn trộm nó vào một cái một"
má con đi có chuyện gì đó chớ phải đi chơi hay sao mà dắt con theo,mẹ con đi có chuyện gì đó chứ phải đi chơi hay sao mà dắt con theo
công việc làm ăn mấy năm nay cứ lắng đắng mãi nên không được gì khả quan,công việc làm ăn mấy năm nay cứ lận đận mãi nên không được gì khả quan
"lóng này, anh ta phải đạp xe rã cả giò để đi từ mối này đến mối khác","lúc này, anh ta phải đạp xe rã cả chân để đi từ mối này đến mối khác"
